Workbook

Sheet Hướng dẫn
A1: CHECKLIST NGHIỆM THU HỆ THỐNG ERP-CRM
A2: Kiểm thử theo workflow của từng phòng ban. Mỗi dòng là một tình huống: thao tác → kết quả mong đợi → người test ghi kết quả thực tế.
A4: 1. Cách làm
A5: Bước 1 | B5: Đọc sheet "Workflow" phần của phòng mình để hiểu thứ tự công việc, ai làm, vào menu nào.
A6: Bước 2 | B6: Mở sheet của phòng mình (Sales, Sales Manager, Legal, BOD, Admin duyệt đơn, …) — xem sheet "Ma trận vai trò" để biết vai trò nào test sheet nào. Làm lần lượt từng dòng, đăng nhập đúng tài khoản ghi ở dòng 2 của sheet.
A7: Bước 3 | B7: Thực hiện cột "Tình huống / Thao tác", so với cột "Kết quả mong đợi", rồi điền các cột nền vàng.
A8: Bước 4 | B8: Khi xong, xem sheet "Tổng hợp" (tự đếm), trưởng phòng ghi kết luận và ký.
A10: 2. Các cột cần điền (nền vàng)
A11: Người test / Ngày test | B11: Tên người thực hiện và ngày test (dd/mm/yyyy).
A12: Kết quả | B12: Chọn trong danh sách: • Đạt – hệ thống chạy đúng như cột Kết quả mong đợi. • Không đạt – chạy khác mong đợi (sai số liệu, không chặn khi phải chặn, lỗi trang, sai thông báo, sai người nhận thông báo…). • Bị chặn – không test được vì bước trước lỗi hoặc thiếu dữ liệu / quyền. • Chưa test – để trống cũng tính là chưa test.
A13: Kết quả thực tế / Mô tả lỗi | B13: BẮT BUỘC khi Không đạt hoặc Bị chặn (ô sẽ tô đỏ nếu bỏ trống). Ghi rõ 3 ý: đã làm gì (dữ liệu nhập) – hệ thống phản hồi gì – sai ở chỗ nào so với mong đợi.
A14: Mức độ lỗi | B14: • Nghiêm trọng – sai tiền, sai tồn kho, mất dữ liệu, không làm tiếp được nghiệp vụ. • Cao – chức năng chính sai nhưng có cách làm tạm. • Trung bình – sai phụ, hiển thị sai, thông báo không rõ. • Thấp – chính tả, giao diện, góp ý.
A15: Bằng chứng | B15: Tên file ảnh chụp màn hình / link, mã chứng từ liên quan (mã báo giá, SO, PO, phiếu…), tài khoản đã dùng.
A16: Dev phản hồi / Trạng thái xử lý | B16: Đội phát triển ghi nguyên nhân, cách sửa và cập nhật trạng thái: Mới → Đang sửa → Đã sửa – chờ test lại → Test lại đạt (hoặc Không sửa kèm lý do). Người test kiểm lại rồi đổi Kết quả.
A17: Ghi chú | B17: Ý kiến khác, đề xuất cải tiến.
A19: 3. Ví dụ một dòng Không đạt (ghi theo mẫu này)
A20: Mã TC | B20: SAL-003
A21: Tình huống / Thao tác | B21: Tạo khách có MST trùng với khách đã có
A22: Kết quả mong đợi | B22: Báo lỗi trùng MST, không tạo bản ghi mới
A23: Kết quả | B23: Không đạt
A24: Kết quả thực tế / Mô tả lỗi | B24: Nhập khách "Công ty ABC 2" với MST 0101234567 (đã có ở "Công ty ABC"). Hệ thống báo "Khách hàng đã được tạo thành công" và danh sách có 2 khách cùng MST. Mong đợi phải chặn và báo trùng MST.
A25: Mức độ lỗi | B25: Cao
A26: Bằng chứng | B26: loi_SAL-003.png; tài khoản sales01
A28: 4. Màu trong file
A29: Nền vàng | B29: Ô người test / dev điền.
A30: Nền xám | B30: Dòng tình huống phát sinh (thiếu dữ liệu, sai dữ liệu, bị từ chối, sai quyền…). Nền trắng là luồng chính.
A31: Dòng xanh nhạt | B31: Tên bước workflow, khớp số bước trong sheet Workflow.
A32: Ô đỏ | B32: Đã chọn Không đạt / Bị chặn nhưng chưa ghi mô tả lỗi hoặc mức độ.
A34: 5. Chuẩn bị trước khi test
A35: Tài khoản | B35: Mỗi vai trò một tài khoản riêng: Sales Staff, Sales Manager, PO Staff, PO Manager, Nhân viên kho, Quản lý kho, Finance Team, Technical Engineer (2), Technical Team Lead, marketing, Legal Team, Order Management, BOD, Admin / Quản trị viên, và 1 tài khoản không có quyền.
A36: Dữ liệu mẫu | B36: 1 khách hàng có sẵn + 1 khách chưa có trong hệ thống; 2 nhà cung cấp; 3 sản phẩm (1 có S/N, 1 không S/N, 1 license); 2 kho (có 1 Kho runrate); 1 bảng giá bán; 1 bảng giá NCC; 1 mẫu tiến độ thanh toán; tỷ giá USD ngày test.
A37: Kiểm ở mọi bước | B37: Thông báo (chuông + email) đến đúng người; badge sidebar tăng / giảm đúng; nhật ký ghi lại người thao tác; người không có quyền không thấy nút và bị chặn khi gọi thẳng URL.

Sheet Tổng hợp
A1: TỔNG HỢP KẾT QUẢ NGHIỆM THU (tự tính từ các sheet phòng ban)
A3: Phòng ban | B3: Sheet | C3: Tổng TC | D3: Đạt | E3: Không đạt | F3: Bị chặn | G3: Chưa test | H3: % đã test | I3: % đạt (trên số đã test) | J3: Lỗi Nghiêm trọng | K3: Lỗi Cao | L3: Trưởng phòng nghiệm thu | M3: Ngày ký | N3: Kết luận | O3: Ghi chú / điều kiện
A4: Kinh doanh (Sales) | B4: 1. Sales | C4: =COUNTIF('1. Sales'!$A$6:$A$600,"SAL-*") | D4: =COUNTIF('1. Sales'!$I$6:$I$600,"Đạt") | E4: =COUNTIF('1. Sales'!$I$6:$I$600,"Không đạt") | F4: =COUNTIF('1. Sales'!$I$6:$I$600,"Bị chặn") | G4: =C4-D4-E4-F4 | H4: =IF(C4=0,0,(D4+E4+F4)/C4) | I4: =IF(D4+E4=0,0,D4/(D4+E4)) | J4: =COUNTIFS('1. Sales'!$I$6:$I$600,"Không đạt",'1. Sales'!$K$6:$K$600,"Nghiêm trọng") | K4: =COUNTIFS('1. Sales'!$I$6:$I$600,"Không đạt",'1. Sales'!$K$6:$K$600,"Cao")
A5: Sales Manager (Trưởng phòng KD) | B5: 2. Sales Manager | C5: =COUNTIF('2. Sales Manager'!$A$6:$A$600,"SM-*") | D5: =COUNTIF('2. Sales Manager'!$I$6:$I$600,"Đạt") | E5: =COUNTIF('2. Sales Manager'!$I$6:$I$600,"Không đạt") | F5: =COUNTIF('2. Sales Manager'!$I$6:$I$600,"Bị chặn") | G5: =C5-D5-E5-F5 | H5: =IF(C5=0,0,(D5+E5+F5)/C5) | I5: =IF(D5+E5=0,0,D5/(D5+E5)) | J5: =COUNTIFS('2. Sales Manager'!$I$6:$I$600,"Không đạt",'2. Sales Manager'!$K$6:$K$600,"Nghiêm trọng") | K5: =COUNTIFS('2. Sales Manager'!$I$6:$I$600,"Không đạt",'2. Sales Manager'!$K$6:$K$600,"Cao")
A6: Legal (Pháp chế) | B6: 3. Legal | C6: =COUNTIF('3. Legal'!$A$6:$A$600,"LEG-*") | D6: =COUNTIF('3. Legal'!$I$6:$I$600,"Đạt") | E6: =COUNTIF('3. Legal'!$I$6:$I$600,"Không đạt") | F6: =COUNTIF('3. Legal'!$I$6:$I$600,"Bị chặn") | G6: =C6-D6-E6-F6 | H6: =IF(C6=0,0,(D6+E6+F6)/C6) | I6: =IF(D6+E6=0,0,D6/(D6+E6)) | J6: =COUNTIFS('3. Legal'!$I$6:$I$600,"Không đạt",'3. Legal'!$K$6:$K$600,"Nghiêm trọng") | K6: =COUNTIFS('3. Legal'!$I$6:$I$600,"Không đạt",'3. Legal'!$K$6:$K$600,"Cao")
A7: BOD | B7: 4. BOD | C7: =COUNTIF('4. BOD'!$A$6:$A$600,"BOD-*") | D7: =COUNTIF('4. BOD'!$I$6:$I$600,"Đạt") | E7: =COUNTIF('4. BOD'!$I$6:$I$600,"Không đạt") | F7: =COUNTIF('4. BOD'!$I$6:$I$600,"Bị chặn") | G7: =C7-D7-E7-F7 | H7: =IF(C7=0,0,(D7+E7+F7)/C7) | I7: =IF(D7+E7=0,0,D7/(D7+E7)) | J7: =COUNTIFS('4. BOD'!$I$6:$I$600,"Không đạt",'4. BOD'!$K$6:$K$600,"Nghiêm trọng") | K7: =COUNTIFS('4. BOD'!$I$6:$I$600,"Không đạt",'4. BOD'!$K$6:$K$600,"Cao")
A8: Admin duyệt đơn (đặt hàng & xuất hàng) | B8: 5. Admin duyệt đơn | C8: =COUNTIF('5. Admin duyệt đơn'!$A$6:$A$600,"OAD-*") | D8: =COUNTIF('5. Admin duyệt đơn'!$I$6:$I$600,"Đạt") | E8: =COUNTIF('5. Admin duyệt đơn'!$I$6:$I$600,"Không đạt") | F8: =COUNTIF('5. Admin duyệt đơn'!$I$6:$I$600,"Bị chặn") | G8: =C8-D8-E8-F8 | H8: =IF(C8=0,0,(D8+E8+F8)/C8) | I8: =IF(D8+E8=0,0,D8/(D8+E8)) | J8: =COUNTIFS('5. Admin duyệt đơn'!$I$6:$I$600,"Không đạt",'5. Admin duyệt đơn'!$K$6:$K$600,"Nghiêm trọng") | K8: =COUNTIFS('5. Admin duyệt đơn'!$I$6:$I$600,"Không đạt",'5. Admin duyệt đơn'!$K$6:$K$600,"Cao")
A9: Order Management (Quản lý đơn hàng) | B9: 6. Order Management | C9: =COUNTIF('6. Order Management'!$A$6:$A$600,"OM-*") | D9: =COUNTIF('6. Order Management'!$I$6:$I$600,"Đạt") | E9: =COUNTIF('6. Order Management'!$I$6:$I$600,"Không đạt") | F9: =COUNTIF('6. Order Management'!$I$6:$I$600,"Bị chặn") | G9: =C9-D9-E9-F9 | H9: =IF(C9=0,0,(D9+E9+F9)/C9) | I9: =IF(D9+E9=0,0,D9/(D9+E9)) | J9: =COUNTIFS('6. Order Management'!$I$6:$I$600,"Không đạt",'6. Order Management'!$K$6:$K$600,"Nghiêm trọng") | K9: =COUNTIFS('6. Order Management'!$I$6:$I$600,"Không đạt",'6. Order Management'!$K$6:$K$600,"Cao")
A10: Mua hàng (PO Team) | B10: 7. Mua hàng | C10: =COUNTIF('7. Mua hàng'!$A$6:$A$600,"PUR-*") | D10: =COUNTIF('7. Mua hàng'!$I$6:$I$600,"Đạt") | E10: =COUNTIF('7. Mua hàng'!$I$6:$I$600,"Không đạt") | F10: =COUNTIF('7. Mua hàng'!$I$6:$I$600,"Bị chặn") | G10: =C10-D10-E10-F10 | H10: =IF(C10=0,0,(D10+E10+F10)/C10) | I10: =IF(D10+E10=0,0,D10/(D10+E10)) | J10: =COUNTIFS('7. Mua hàng'!$I$6:$I$600,"Không đạt",'7. Mua hàng'!$K$6:$K$600,"Nghiêm trọng") | K10: =COUNTIFS('7. Mua hàng'!$I$6:$I$600,"Không đạt",'7. Mua hàng'!$K$6:$K$600,"Cao")
A11: Kho | B11: 8. Kho | C11: =COUNTIF('8. Kho'!$A$6:$A$600,"WH-*") | D11: =COUNTIF('8. Kho'!$I$6:$I$600,"Đạt") | E11: =COUNTIF('8. Kho'!$I$6:$I$600,"Không đạt") | F11: =COUNTIF('8. Kho'!$I$6:$I$600,"Bị chặn") | G11: =C11-D11-E11-F11 | H11: =IF(C11=0,0,(D11+E11+F11)/C11) | I11: =IF(D11+E11=0,0,D11/(D11+E11)) | J11: =COUNTIFS('8. Kho'!$I$6:$I$600,"Không đạt",'8. Kho'!$K$6:$K$600,"Nghiêm trọng") | K11: =COUNTIFS('8. Kho'!$I$6:$I$600,"Không đạt",'8. Kho'!$K$6:$K$600,"Cao")
A12: Kế toán – Tài chính | B12: 9. Kế toán | C12: =COUNTIF('9. Kế toán'!$A$6:$A$600,"ACC-*") | D12: =COUNTIF('9. Kế toán'!$I$6:$I$600,"Đạt") | E12: =COUNTIF('9. Kế toán'!$I$6:$I$600,"Không đạt") | F12: =COUNTIF('9. Kế toán'!$I$6:$I$600,"Bị chặn") | G12: =C12-D12-E12-F12 | H12: =IF(C12=0,0,(D12+E12+F12)/C12) | I12: =IF(D12+E12=0,0,D12/(D12+E12)) | J12: =COUNTIFS('9. Kế toán'!$I$6:$I$600,"Không đạt",'9. Kế toán'!$K$6:$K$600,"Nghiêm trọng") | K12: =COUNTIFS('9. Kế toán'!$I$6:$I$600,"Không đạt",'9. Kế toán'!$K$6:$K$600,"Cao")
A13: Kỹ sư kỹ thuật | B13: 10. Kỹ sư KT | C13: =COUNTIF('10. Kỹ sư KT'!$A$6:$A$600,"TEC-*") | D13: =COUNTIF('10. Kỹ sư KT'!$I$6:$I$600,"Đạt") | E13: =COUNTIF('10. Kỹ sư KT'!$I$6:$I$600,"Không đạt") | F13: =COUNTIF('10. Kỹ sư KT'!$I$6:$I$600,"Bị chặn") | G13: =C13-D13-E13-F13 | H13: =IF(C13=0,0,(D13+E13+F13)/C13) | I13: =IF(D13+E13=0,0,D13/(D13+E13)) | J13: =COUNTIFS('10. Kỹ sư KT'!$I$6:$I$600,"Không đạt",'10. Kỹ sư KT'!$K$6:$K$600,"Nghiêm trọng") | K13: =COUNTIFS('10. Kỹ sư KT'!$I$6:$I$600,"Không đạt",'10. Kỹ sư KT'!$K$6:$K$600,"Cao")
A14: Tech Lead (Trưởng nhóm KT) | B14: 11. Tech Lead | C14: =COUNTIF('11. Tech Lead'!$A$6:$A$600,"TL-*") | D14: =COUNTIF('11. Tech Lead'!$I$6:$I$600,"Đạt") | E14: =COUNTIF('11. Tech Lead'!$I$6:$I$600,"Không đạt") | F14: =COUNTIF('11. Tech Lead'!$I$6:$I$600,"Bị chặn") | G14: =C14-D14-E14-F14 | H14: =IF(C14=0,0,(D14+E14+F14)/C14) | I14: =IF(D14+E14=0,0,D14/(D14+E14)) | J14: =COUNTIFS('11. Tech Lead'!$I$6:$I$600,"Không đạt",'11. Tech Lead'!$K$6:$K$600,"Nghiêm trọng") | K14: =COUNTIFS('11. Tech Lead'!$I$6:$I$600,"Không đạt",'11. Tech Lead'!$K$6:$K$600,"Cao")
A15: Marketing | B15: 12. Marketing | C15: =COUNTIF('12. Marketing'!$A$6:$A$600,"MKT-*") | D15: =COUNTIF('12. Marketing'!$I$6:$I$600,"Đạt") | E15: =COUNTIF('12. Marketing'!$I$6:$I$600,"Không đạt") | F15: =COUNTIF('12. Marketing'!$I$6:$I$600,"Bị chặn") | G15: =C15-D15-E15-F15 | H15: =IF(C15=0,0,(D15+E15+F15)/C15) | I15: =IF(D15+E15=0,0,D15/(D15+E15)) | J15: =COUNTIFS('12. Marketing'!$I$6:$I$600,"Không đạt",'12. Marketing'!$K$6:$K$600,"Nghiêm trọng") | K15: =COUNTIFS('12. Marketing'!$I$6:$I$600,"Không đạt",'12. Marketing'!$K$6:$K$600,"Cao")
A16: Quản trị hệ thống (Admin IT) | B16: 13. Quản trị hệ thống | C16: =COUNTIF('13. Quản trị hệ thống'!$A$6:$A$600,"SYS-*") | D16: =COUNTIF('13. Quản trị hệ thống'!$I$6:$I$600,"Đạt") | E16: =COUNTIF('13. Quản trị hệ thống'!$I$6:$I$600,"Không đạt") | F16: =COUNTIF('13. Quản trị hệ thống'!$I$6:$I$600,"Bị chặn") | G16: =C16-D16-E16-F16 | H16: =IF(C16=0,0,(D16+E16+F16)/C16) | I16: =IF(D16+E16=0,0,D16/(D16+E16)) | J16: =COUNTIFS('13. Quản trị hệ thống'!$I$6:$I$600,"Không đạt",'13. Quản trị hệ thống'!$K$6:$K$600,"Nghiêm trọng") | K16: =COUNTIFS('13. Quản trị hệ thống'!$I$6:$I$600,"Không đạt",'13. Quản trị hệ thống'!$K$6:$K$600,"Cao")
A17: Liên phòng ban (end-to-end) | B17: 14. Liên phòng ban | C17: =COUNTIF('14. Liên phòng ban'!$A$6:$A$600,"E2E-*") | D17: =COUNTIF('14. Liên phòng ban'!$I$6:$I$600,"Đạt") | E17: =COUNTIF('14. Liên phòng ban'!$I$6:$I$600,"Không đạt") | F17: =COUNTIF('14. Liên phòng ban'!$I$6:$I$600,"Bị chặn") | G17: =C17-D17-E17-F17 | H17: =IF(C17=0,0,(D17+E17+F17)/C17) | I17: =IF(D17+E17=0,0,D17/(D17+E17)) | J17: =COUNTIFS('14. Liên phòng ban'!$I$6:$I$600,"Không đạt",'14. Liên phòng ban'!$K$6:$K$600,"Nghiêm trọng") | K17: =COUNTIFS('14. Liên phòng ban'!$I$6:$I$600,"Không đạt",'14. Liên phòng ban'!$K$6:$K$600,"Cao")
A18: TỔNG CỘNG | C18: =SUM(C4:C17) | D18: =SUM(D4:D17) | E18: =SUM(E4:E17) | F18: =SUM(F4:F17) | G18: =SUM(G4:G17) | H18: =IF(C18=0,0,(D18+E18+F18)/C18) | I18: =IF(D18+E18=0,0,D18/(D18+E18)) | J18: =SUM(J4:J17) | K18: =SUM(K4:K17)
A20: Quy ước kết luận:
A21: • Đạt: mọi dòng đã test, không còn lỗi Nghiêm trọng / Cao chưa sửa.
A22: • Đạt có điều kiện: còn lỗi Trung bình / Thấp — ghi danh sách mã TC và hạn sửa vào cột Ghi chú.
A23: • Không đạt: còn lỗi Nghiêm trọng / Cao, hoặc còn dòng Bị chặn / Chưa test ở luồng chính.

Sheet Ma trận vai trò
A1: MA TRẬN VAI TRÒ – ai làm gì, ai duyệt gì, test ở sheet nào
A2: Điền cột "Người thực hiện" bằng tên người thật đang giữ vai trò đó. Quyền duyệt ghi theo code hiện tại; nếu thực tế công ty phân công khác thì ghi chú để chỉnh phân quyền.
A4: Vai trò (tên trên hệ thống) | B4: Chức danh | C4: Người thực hiện (điền tên) | D4: Làm gì trong hệ thống | E4: Duyệt gì | F4: Sheet test
A5: Sales Staff | B5: Nhân viên kinh doanh | D5: Khách hàng, cơ hội, ĐKDA, báo giá, đơn hàng, P&L, yêu cầu đặt hàng, yêu cầu xuất HĐ / xuất kho, upload UNC | E5: — | F5: 1. Sales
A6: Sales Manager | B6: Trưởng phòng kinh doanh | D6: Xem dữ liệu cả nhóm, xác nhận hoạt động, P.I.C phụ, gửi P&L thay Sales, đôn đốc công nợ | E6: Yêu cầu đặt hàng (code cho phép) | F6: 2. Sales Manager
A7: Legal Team | B7: Pháp chế | D7: Thẩm định hợp đồng & P&L | E7: P&L / HĐMB cấp 1 | F7: 3. Legal
A8: BOD | B8: Ban giám đốc | D8: Dashboard, báo cáo | E8: P&L cấp 2, ngoại lệ thanh toán, mở lại P&L, quà tặng, ngân sách MKT cấp 2, vật phẩm, chi phí, công tác | F8: 4. BOD
A9: Admin | B9: Admin kiểm soát đơn hàng | D9: Kiểm tra hồ sơ ở khâu đặt hàng và khâu xuất hàng; sửa Số PO phiếu nhập; xóa PO | E9: Yêu cầu đặt hàng, đề xuất xuất kho | F9: 5. Admin duyệt đơn
A10: Order Management | B10: Quản lý đơn hàng (chị Bích) | D10: Kiểm soát đơn hàng từ lúc đặt hàng đến xuất hàng; quản lý PO Team (PR, gom đơn, PO, NCC, bảng giá NCC, báo cáo mua hàng); xem toàn bộ báo giá, đơn hàng | E10: Yêu cầu đặt hàng, tiếp nhận PR, PO, đề xuất xuất kho, ngân sách Marketing cấp 1 | F10: 6. Order Management
A11: PO Staff | B11: Nhân viên mua hàng (PO Team) | D11: Bảng giá NCC, gom đơn, PO, theo dõi hàng về, nhận hàng, S/N | E11: — | F11: 7. Mua hàng
A12: PO Manager | B12: Trưởng phòng mua hàng | D12: Như PO Staff | E12: PO; theo code cũng duyệt được yêu cầu đặt hàng và xuất kho | F12: 7. Mua hàng
A13: Nhân viên kho | B13: Nhân viên kho | D13: Nhập kho, xuất kho, chuyển kho, giữ hàng, hàng hỏng, tồn kho | E13: — | F13: 8. Kho
A14: Quản lý kho | B14: Quản lý kho | D14: Như Nhân viên kho | E14: Phiếu nhập / xuất / chuyển, yêu cầu giữ hàng, báo hỏng | F14: 8. Kho
A15: Finance Team | B15: Kế toán | D15: Tỷ giá, mẫu thanh toán, công nợ khách hàng, tổng doanh số | E15: Xác nhận UNC, xuất hóa đơn, chi phí Marketing | F15: 9. Kế toán
A16: Technical Engineer | B16: Kỹ sư kỹ thuật | D16: Nhận và xử lý ticket, nhật ký hỗ trợ, tra cứu S/N | E16: — | F16: 10. Kỹ sư KT
... A19: Quản trị viên / Admin | B19: Quản trị hệ thống | D19: Nhân viên, tài khoản, vai trò, quyền, quy trình duyệt, cài đặt, sao lưu | E19: — | F19: 13. Quản trị hệ thống

Sheet Workflow
A1: WORKFLOW CHI TIẾT TỪNG PHÒNG BAN – đọc trước khi test
A3: PHÒNG KINH DOANH (SALES)
A4: Sales là điểm bắt đầu của mọi đơn hàng: tạo khách hàng, báo giá và đơn hàng bán (SO). Từ SO, hệ thống chuyển việc lần lượt sang Admin, Mua hàng, Kho, Kế toán. Sales không tự đặt hàng hay xuất kho, nhưng phải gửi yêu cầu và theo dõi đến khi khách trả đủ tiền.
A5: Bước | B5: Ai làm | C5: Vào đâu (menu) | D5: Việc cần làm | E5: Kết quả / trạng thái / chuyển cho ai
A6: 1 | B6: Sales | C6: Master Data › Khách hàng | D6: Tạo khách hàng (tên, MST không trùng, ngành, địa chỉ) và ít nhất 1 người liên hệ (P.I.C) có tên, SĐT, email. | E6: Khách xuất hiện trong ô tìm khách ở Cơ hội, Đăng ký dự án, Báo giá. Đang lập báo giá mà chưa có khách thì dùng nút "Thêm khách hàng nhanh" trên form báo giá.
A7: 2 | B7: Sales, người được mời, BOD/Manager, Marketing | C7: Bán hàng › Cơ hội | D7: Ghi nhận hoạt động gặp khách (gặp, demo, trình bày giải pháp...), mức tiềm năng 25–90%, mời người tham gia; khai quà tặng nếu cần, tạo ticket Kỹ thuật nếu cần kỹ sư đi cùng. | E7: Nháp → Đã lên lịch → Đã xác nhận → Đang thực hiện → Đã hoàn thành (hoặc Hoãn / Hủy). Chỉ hoàn thành được khi BOD đã xác nhận và ticket MKT/Kỹ thuật đi kèm đã xong. Cơ hội chín muồi → chuyển thành dự án.
A8: 3 | B8: Sales → PM/PO Team | C8: Bán hàng › Đăng ký dự án | D8: Đăng ký dự án với Hãng: khách, Hãng, BOM hoặc file BOM (bắt buộc), giá trị dự kiến; dự án Fortinet nhập thêm Net to FTN. | E8: Mới đăng ký → Đang xử lý tiếp nhận → Đã gửi Hãng → Hãng đã báo giá/duyệt → Đã đăng ký – Đang theo đuổi → Closed Won / Lost. Nhánh: Thiếu thông tin, Dự án trùng, Hãng từ chối.
A9: 4 | B9: Sales | C9: Bán hàng › Báo giá › Tạo mới | D9: Nhập khách + P.I.C, dự án (nếu có, tải nhanh BOM), tiêu đề, ngày & hạn báo giá, sản phẩm, số lượng, đơn giá, chiết khấu, VAT, tiền tệ, điều khoản. Gửi khách bằng PDF / Excel / email. | E9: Nháp → Đã gửi khách → KH chốt giá (hoặc Khách từ chối). Quá hạn chưa chốt → Hết hạn, muốn báo lại thì Nhân bản.
A10: 5 | B10: Sales | C10: Báo giá › Chuyển đơn hàng | D10: Trên báo giá đã chốt, bấm Chuyển đơn hàng. | E10: Sinh SO mã SO-YYYYMMDD-xxxx mang theo khách, sản phẩm, giá. Có dự án → "Bán theo dự án", không → "Bán lẻ". Báo giá bị khóa.
A11: 6 | B11: Sales → Legal (cấp 1) → BOD (cấp 2) | C11: Bán hàng › Đơn hàng bán › mở SO | D11: Lập P&L (giá vốn, chi phí, margin), tiến độ thanh toán (đợt trước đặt hàng / trước xuất hàng / sau giao hàng), P.I.C phụ; bấm Gửi duyệt P&L. | E11: P&L: Nháp → Chờ duyệt (Legal cấp 1 → BOD cấp 2) → Đã duyệt (hoặc Yêu cầu chỉnh sửa / Từ chối ở cấp nào cũng được). Sau khi gửi, SO bị khóa; muốn sửa đơn đã duyệt phải xin mở lại P&L.
A12: 7 | B12: Sales → Admin → PO Team | C12: SO › Tạo yêu cầu đặt hàng (danh sách: Bán hàng › Yêu cầu đặt hàng) | D12: Nhập Hãng, loại đơn, dòng cần đặt, POS-ID, End User (nếu cần CQ), S/N (Trade-up), file đính kèm bắt buộc. Hàng có sẵn ở Kho runrate thì tạo yêu cầu giữ hàng thay vì đặt. | E12: Bản nháp → Chờ Admin duyệt (Admin kiểm hồ sơ) → Đã gửi → Đang xử lý → Hoàn thành. Có thể bị trả về "Thiếu thông tin" hoặc trả về sửa P&L.
A13: 8 | B13: Sales | C13: Bán hàng › Theo dõi hàng về | D13: Theo dõi tiến độ đặt hàng và hàng về; tải license nếu có. | E13: Chờ đặt hàng → Đã đặt hàng → Chờ hàng về (ETD, ETA) → Hàng đã về. PO bị Hold thì Sales nhận thông báo kèm lý do.
A14: 9 | B14: Sales → Admin → Kế toán → Kho | C14: SO | D14: Tạo yêu cầu xuất hóa đơn (chọn cần HĐ nháp hay xuất trực tiếp); gửi đề xuất xuất kho (được xuất một phần); cập nhật ngày giao hàng. | E14: Phiếu xuất: Chờ Admin duyệt xuất → Chờ KT xuất HĐ → Kho xuất thực tế. Ngày giao là mốc tính hạn các đợt "sau giao hàng".
A15: 10 | B15: Sales → Kế toán (BOD nếu ngoại lệ) | C15: SO › Tiến độ thanh toán | D15: Upload UNC cho từng đợt khi khách chuyển khoản; xin duyệt ngoại lệ nếu khách muốn đặt/xuất trước khi trả. | E15: Kế toán xác nhận → đợt Đã thanh toán, công nợ giảm, bước bị khóa được mở. Giao đủ + HĐ đủ + thu đủ → SO Hoàn thành.
A16: 11 | B16: Mọi nhân viên | C16: Bán hàng › Đặt phòng họp | D16: Chọn phòng, ngày, giờ, tiêu đề, người tham dự. | E16: Người được mời nhận lời mời và phản hồi; hệ thống chặn đặt trùng giờ.
A17: 12 | B17: Sales / Sales Manager | C17: Bán hàng › Báo cáo tần suất gặp, Báo cáo bán hàng, Công nợ khách hàng | D17: Xem số lần gặp khách theo Sales, doanh thu / margin theo kỳ, công nợ khách của mình. | E17: Số liệu khớp cơ hội và đơn hàng thực tế.
A19: SALES MANAGER (TRƯỞNG PHÒNG KINH DOANH)
A20: Sales Manager quản lý một nhóm Sales: xem toàn bộ dữ liệu của nhóm, xác nhận hoạt động gặp khách, phân P.I.C phụ và tỷ lệ chia margin, rà P&L và gửi duyệt thay Sales, đôn đốc công nợ. Sales Manager KHÔNG duyệt P&L — P&L do Legal (cấp 1) rồi BOD (cấp 2) duyệt. Theo code, Sales Manager cũng được duyệt yêu cầu đặt hàng như Admin.
A21: Bước | B21: Ai làm | C21: Vào đâu (menu) | D21: Việc cần làm | E21: Kết quả / trạng thái / chuyển cho ai
A22: 1 | B22: Sales Manager | C22: Master Data › Khách hàng; Bán hàng › Cơ hội, Báo giá, Đơn hàng bán | D22: Mở các danh sách để theo dõi công việc của nhóm. | E22: Thấy dữ liệu của mình và thành viên nhóm; không thấy nhóm khác.
A23: 2 | B23: Sales → Sales Manager | C23: Bán hàng › Cơ hội | D23: Xác nhận hoạt động gặp khách (chuyển sang "Đã xác nhận"); khi xác nhận có thể chọn kỹ sư đi cùng, duyệt / từ chối quà và xuất vật phẩm MKT. | E23: Mọi hoạt động phải được xác nhận mới Hoàn thành được; hoạt động trình bày giải pháp / cần kỹ sư / có quà còn phải xác nhận trước khi chuyển Đang thực hiện.
A24: 3 | B24: Sales Manager | C24: Bán hàng › Đăng ký dự án; Đơn hàng bán | D24: Chỉ định P.I.C phụ cho dự án (Sales Manager cùng phòng ban với Sales phụ trách dự án) và cho đơn hàng (chọn cách chia margin: người chính 100% / người phụ 100% / chia theo %). | E24: P.I.C phụ nhận thông báo; margin đơn hàng chia đúng cách đã chọn.
A25: 4 | B25: Sales Manager → Legal → BOD | C25: Đơn hàng bán › P&L | D25: Rà giá vốn, chi phí, margin, tiến độ thanh toán của đơn trong nhóm; gửi duyệt thay Sales khi cần; theo dõi đơn đang chờ cấp nào. | E25: P&L sang "Chờ duyệt" cấp 1 (Legal).
A26: 5 | B26: Sales → Sales Manager → PO Team | C26: SO › Yêu cầu đặt hàng ("Chờ Admin duyệt") | D26: Nếu công ty giao Sales Manager duyệt: kiểm tra hồ sơ như Admin (xem sheet Admin duyệt đơn) rồi duyệt hoặc trả về. | E26: Duyệt → "Đã gửi" sang PO Team; trả về → Sales nhận lý do.
A27: 6 | B27: Sales Manager | C27: SO › Tiến độ thanh toán; Bán hàng › Công nợ khách hàng | D27: Upload UNC thay Sales; lọc nợ quá hạn của nhóm, giao Sales bám khách; xin ngoại lệ thanh toán khi cần. | E27: Kế toán nhận UNC; công nợ nhóm hiển thị đúng.
A28: 7 | B28: Sales Manager | C28: Bán hàng › Báo cáo tần suất gặp, Báo cáo bán hàng; Dashboard | D28: Theo dõi số lần gặp khách, doanh thu, margin của từng người trong nhóm. | E28: Số liệu khớp dữ liệu thực tế của nhóm.
A30: LEGAL TEAM (PHÁP CHẾ) – DUYỆT CẤP 1 HỢP ĐỒNG & P&L
A31: Legal là cấp duyệt 1 của mọi đơn hàng bán, trước BOD. Legal kiểm tra hợp đồng mua bán (HĐMB) và bảng P&L, rồi duyệt, yêu cầu Sales chỉnh sửa, hoặc từ chối. Legal không sửa đơn. Quy trình cấu hình ở Hệ thống › Quy trình duyệt: "Quy trình duyệt P&L & Hợp đồng bán hàng" – Cấp 1 Legal Team → Cấp 2 BOD.
A32: Bước | B32: Ai làm | C32: Vào đâu (menu) | D32: Việc cần làm | E32: Kết quả / trạng thái / chuyển cho ai
A33: 1 | B33: Sales → Legal | C33: Chuông thông báo; Bán hàng › Đơn hàng bán (lọc Chờ duyệt) | D33: Nhận đơn Sales vừa gửi duyệt P&L. | E33: Đơn ở cấp 1 – Legal.
A34: 2 | B34: Legal | C34: SO › thông tin đơn, file đính kèm, tab P&L | D34: Kiểm tra: pháp nhân khách (tên, MST, địa chỉ); số HĐMB; điều khoản thanh toán khớp tiến độ thanh toán trên SO; phạt vi phạm, bảo hành; file hợp đồng / PO của khách đã đính kèm; P&L (giá vốn, chi phí, chiết khấu, margin) hợp lý. | E34: Đủ cơ sở để quyết định.
A35: 3 | B35: Legal → BOD / Sales | C35: SO › Duyệt / Yêu cầu chỉnh sửa / Từ chối (kèm ghi chú) | D35: Ra quyết định cấp 1. | E35: Duyệt → chuyển BOD duyệt cấp 2. Yêu cầu chỉnh sửa → P&L mở lại cho Sales. Từ chối → P&L Từ chối.
A36: 4 | B36: Legal | C36: SO › Lịch sử duyệt | D36: Theo dõi đơn đã duyệt; đơn Sales sửa xong gửi lại sẽ quay về cấp 1. | E36: Lịch sử ghi đủ các lần duyệt.
A38: BAN GIÁM ĐỐC (DIRECTOR)
A39: BOD là cấp duyệt cuối: duyệt P&L cấp 2 sau Legal, quyết định ngoại lệ thanh toán (cho đặt hàng / xuất hàng khi khách chưa trả), mở lại P&L đã duyệt, duyệt các khoản chi Marketing. BOD theo dõi kinh doanh qua Dashboard.
A40: Bước | B40: Ai làm | C40: Vào đâu (menu) | D40: Việc cần làm | E40: Kết quả / trạng thái / chuyển cho ai
A41: 1 | B41: Legal → BOD | C41: Chuông thông báo; SO | D41: Xem đơn Legal đã duyệt cấp 1, duyệt / yêu cầu sửa / từ chối. | E41: Duyệt → P&L Đã duyệt, mở khóa tạo yêu cầu đặt hàng.
A42: 2 | B42: Sales → BOD | C42: SO › Tiến độ thanh toán | D42: Duyệt ngoại lệ toàn đơn hoặc từng đợt; hoặc ủy quyền cho người khác duyệt, thu hồi ủy quyền. | E42: Bước bị khóa (đặt hàng / xuất hàng) được mở.
A43: 3 | B43: Sales → BOD | C43: SO › Yêu cầu mở lại P&L | D43: Duyệt hoặc từ chối yêu cầu mở lại P&L đã duyệt. | E43: Duyệt → P&L mở cho Sales sửa.
A44: 4 | B44: Sales / Marketing / OM → BOD | C44: Bán hàng › Cơ hội, Sự kiện Marketing, Kho vật phẩm MKT | D44: Xác nhận hoạt động, duyệt quà tặng; duyệt ngân sách sự kiện cấp 2 (sau Order Management cấp 1); duyệt vật phẩm mới, chi phí, công tác. | E44: Marketing / Kế toán được làm bước tiếp theo.
A45: 5 | B45: BOD | C45: Dashboard; Báo cáo bán hàng, mua hàng, tần suất gặp; Đăng ký dự án › báo cáo | D45: Lọc kỳ / phòng / nhân viên, bấm số để xem chi tiết. | E45: Số liệu khớp danh sách gốc.
A46: 6 | B46: BOD | C46: Bán hàng › Tổng Doanh Số | D46: Rà soát, xóa dòng sai. | E46: Chỉ BOD xóa được.
A48: ADMIN KIỂM SOÁT ĐƠN HÀNG – DUYỆT YÊU CẦU ĐẶT HÀNG & ĐỀ XUẤT XUẤT KHO
A49: Admin là chốt kiểm tra hồ sơ ở hai khâu. Khâu đặt hàng: trước khi PO Team đặt Hãng, Admin xác nhận đơn đã duyệt P&L và đủ giấy tờ (hợp đồng / PO khách, BOM, thông tin End User…). Khâu xuất hàng: trước khi Kho giao, Admin xác nhận hàng đã đủ, khách đã thanh toán đúng điều kiện và giấy tờ giao hàng đã sẵn sàng. Thiếu gì thì trả về cho Sales kèm lý do cụ thể.
A50: Bước | B50: Ai làm | C50: Vào đâu (menu) | D50: Việc cần làm | E50: Kết quả / trạng thái / chuyển cho ai
A51: 1 | B51: Sales → Admin | C51: Chuông thông báo, badge; SO › Yêu cầu đặt hàng ("Chờ Admin duyệt") | D51: Nhận yêu cầu đặt hàng Sales vừa gửi. | E51: Yêu cầu ở trạng thái Chờ Admin duyệt.
A52: 2 | B52: Admin | C52: Yêu cầu đặt hàng | D52: Kiểm tra: P&L đã duyệt đủ Legal + BOD; file đính kèm (hợp đồng / PO / đơn đặt hàng của khách) đủ và khớp; mã SP, số lượng khớp SO; Hãng, loại đơn; End User (tên, MST) khi cần CQ; POS-ID; S/N với đơn Trade-up; đợt thanh toán trước đặt hàng (nếu có). | E52: Biết hồ sơ đủ hay thiếu, thiếu ở đâu.
A53: 3 | B53: Admin → PO Team / Sales | C53: Yêu cầu đặt hàng › Duyệt / Trả về | D53: Đủ → Duyệt. Thiếu giấy tờ → trả về "Thiếu thông tin" ghi rõ thiếu gì. Sai giá vốn / chi phí → trả về để chỉnh P&L. | E53: Duyệt: "Đã gửi", PO Team nhận. Trả về: Sales nhận lý do.
A54: 4 | B54: Sales → Admin | C54: Kho hàng › Xuất kho ("Chờ Admin duyệt xuất") | D54: Nhận đề xuất xuất kho Sales gửi từ SO. | E54: Kho đồng thời được báo chuẩn bị hàng.
A55: 5 | B55: Admin | C55: Phiếu xuất kho; SO | D55: Kiểm tra: hàng đã về đủ; model, số lượng khớp SO; đợt thanh toán trước xuất đã được Kế toán xác nhận (hệ thống tự chặn nếu chưa); hàng runrate đã giữ đủ suất; ngày / địa chỉ giao; biên bản và giấy tờ giao hàng. | E55: Biết phiếu đủ điều kiện xuất hay chưa.
A56: 6 | B56: Admin → Kế toán / Kho / Sales | C56: Phiếu xuất › Duyệt / Từ chối | D56: Đủ → Duyệt. Chưa đủ → Từ chối kèm lý do. | E56: Chưa có HĐ chính thức: "Chờ KT xuất hóa đơn". Đã có HĐ: Kho xuất thực tế. Từ chối: phiếu về Bản nháp.
A58: ORDER MANAGEMENT – QUẢN LÝ ĐƠN HÀNG & ĐIỀU PHỐI PO TEAM
A59: Order Management (chị Bích) kiểm soát đơn hàng từ lúc Sales xin đặt hàng đến lúc xuất hàng, đồng thời điều phối PO Team. Vai trò này duyệt yêu cầu đặt hàng như Admin, tiếp nhận yêu cầu để PO Team gom đơn đặt Hãng, duyệt PO, duyệt đề xuất xuất kho và duyệt ngân sách Marketing cấp 1. Order Management xem được toàn bộ báo giá và đơn hàng của công ty.
A60: Bước | B60: Ai làm | C60: Vào đâu (menu) | D60: Việc cần làm | E60: Kết quả / trạng thái / chuyển cho ai
A61: 1 | B61: Order Management | C61: Bán hàng › Đơn hàng bán, Báo giá, Theo dõi hàng về | D61: Theo dõi đơn đang chờ duyệt P&L, chờ đặt hàng, chờ hàng về, chờ xuất. | E61: Thấy toàn bộ đơn của công ty.
A62: 2 | B62: Sales → Order Management | C62: Mua hàng › Duyệt yêu cầu (PR) (lọc Chờ Admin duyệt) hoặc SO › Yêu cầu đặt hàng | D62: Kiểm hồ sơ như sheet Admin duyệt đơn (bước 2): P&L đủ 2 cấp, hợp đồng / PO khách, mã hàng, số lượng, End User, POS-ID. Duyệt hoặc trả về. | E62: Duyệt → "Đã gửi". Trả về → Sales nhận lý do.
A63: 3 | B63: Order Management → PO Team | C63: Mua hàng › Duyệt yêu cầu (PR) | D63: Tiếp nhận yêu cầu "Đã gửi" để PO Team đặt hàng, hoặc trả về; sửa thông tin End User nếu cần. | E63: "Đang xử lý", các dòng vào Gom đơn cần đặt.
A64: 4 | B64: Order Management / PO Staff | C64: Mua hàng › Gom đơn cần đặt; Đơn hàng (Không PNL) | D64: Theo dõi danh sách cần đặt, giao PO Staff làm PO; có thể tự tạo PO nháp hoặc đơn nhanh đặt Hãng. | E64: Không còn dòng tồn đọng chưa ai xử lý.
A65: 5 | B65: PO Staff → Order Management | C65: Mua hàng › Đặt hàng với hãng (PO) | D65: Duyệt PO PO Staff gửi lên; theo dõi PO đang về, PO bị Hold. | E65: PO "Đã đặt"; Sales của SO nhận thông báo.
A66: 6 | B66: Sales → Order Management | C66: Kho hàng › Xuất kho; SO | D66: Duyệt đề xuất xuất kho theo điều kiện ở sheet Admin duyệt đơn (bước 5). | E66: Chờ KT xuất hóa đơn hoặc sẵn sàng xuất thực tế.
A67: 7 | B67: Marketing → Order Management → BOD | C67: Bán hàng › Sự kiện Marketing | D67: Kiểm chủ trương và ngân sách sự kiện, duyệt cấp 1 hoặc từ chối. | E67: Duyệt → chuyển BOD duyệt cấp 2.
A68: 8 | B68: Order Management | C68: Mua hàng › Bảng giá, Báo cáo mua hàng; Master Data › Nhà cung cấp | D68: Theo dõi giá mua, nhà cung cấp, giá trị mua theo kỳ. | E68: Số liệu khớp PO.
A70: PHÒNG MUA HÀNG (PO TEAM)
A71: Mua hàng biến yêu cầu đặt hàng của Sales thành đơn đặt Hãng / NCC (PO), theo dõi hàng trên đường về và xác nhận hàng đã nhận. Một PO có thể gom hàng của nhiều SO cùng Hãng. Khi PO nhận hàng, hệ thống tự tạo phiếu nhập kho cho Kho.
A72: Bước | B72: Ai làm | C72: Vào đâu (menu) | D72: Việc cần làm | E72: Kết quả / trạng thái / chuyển cho ai
A73: 1 | B73: PO Team | C73: Master Data › Nhà cung cấp; Mua hàng › Bảng giá | D73: Tạo NCC (mã, tên, MST, email, người liên hệ + chức vụ), cấu hình mẫu PO. Import bảng giá Hãng, khai chiết khấu, xem trước và áp giá vào danh mục sản phẩm. | E73: Sales tra được giá khi báo giá; NCC dùng được khi tạo PO / hỏi giá.
A74: 2 | B74: PO Team | C74: Mua hàng › Duyệt yêu cầu (PR) | D74: Kiểm tra yêu cầu đặt hàng Sales đã được Admin duyệt ("Đã gửi"): Hãng, mã SP, End User, file. | E74: Đủ → "Đang xử lý", dòng vào danh sách cần đặt. Thiếu → trả "Thiếu thông tin" hoặc trả Sales sửa P&L.
A75: 3 | B75: PO Team | C75: Mua hàng › Gom đơn cần đặt | D75: Chọn các dòng cùng Hãng → tạo PO nháp; gộp PO nháp cùng Hãng; kiểm tra mã PO, giá, điều khoản thanh toán. Không đặt được thì báo Sales / hủy dòng kèm lý do. | E75: PO nháp "Chờ đặt". Hủy dòng → P&L của SO mở lại cho Sales.
A76: 4 | B76: PO Team → PO Manager | C76: Mua hàng › Đặt hàng với hãng (PO) | D76: Xác nhận PO nháp, gửi duyệt. | E76: Chờ đặt → Chờ duyệt → Đã đặt. Bị chặn nếu SO chưa thu đợt "trước đặt hàng". Sales của SO nhận thông báo.
A77: 5 | B77: PO Team | C77: Mua hàng › Đặt hàng với hãng (PO) › mở PO | D77: Gửi PO qua email cho NCC; xác nhận khi Hãng xác nhận; cập nhật ETD, ETA, mã vận đơn; chuyển "Đang về"; upload license. Sự cố: Hold, trả về Gom đơn, hủy PO. | E77: Sales thấy mốc ETD/ETA ở Theo dõi hàng về.
A78: 6 | B78: PO Team | C78: PO › Nhận hàng | D78: Nhận từng dòng / một phần / tất cả; nhập S/N (import file hoặc gõ tay). | E78: PO "Đang về (một phần)" / "Đã về – đủ hàng"; phiếu nhập kho tự sinh cho Kho; Sales được báo.
A79: 7 | B79: PO Team / BOD | C79: Mua hàng › Báo cáo mua hàng | D79: Xem giá trị mua theo NCC / kỳ, xuất Excel. | E79: Số liệu khớp các PO trong kỳ.
A81: KHO
A82: Kho giữ số liệu tồn thật: mọi thiết bị theo dõi theo kho, Số PO và S/N. Phiếu nhập sinh từ PO của Mua hàng, phiếu xuất sinh từ đề xuất của Sales. Việc của Kho là kiểm hàng, ghi đúng S/N và bấm duyệt — chỉ khi Kho duyệt thì tồn mới tăng / giảm. Kho runrate là kho hàng có sẵn, Sales được xin giữ trước.
A83: Bước | B83: Ai làm | C83: Vào đâu (menu) | D83: Việc cần làm | E83: Kết quả / trạng thái / chuyển cho ai
A84: 1 | B84: Kho / Admin | C84: Kho hàng › Quản lý kho | D84: Tạo các kho, đánh dấu Kho runrate; import tồn đầu kỳ (mã SP, mã kho, S/N, ngày nhập). | E84: Kho xuất hiện ở mọi dropdown; tồn đầu đúng. Dòng import sai báo theo số dòng, không nhập.
A85: 2 | B85: Kho | C85: Kho hàng › Nhập kho | D85: Phiếu nhập tự sinh khi PO Team nhận hàng (Chờ xử lý). Đếm hàng, nhập / dán S/N, chọn kho, bấm Duyệt (hoặc Từ chối nếu sai). Nhập khác thì tạo phiếu tay. | E85: Phiếu Hoàn thành, hàng vào tồn đúng kho, gắn Số PO. In phiếu, xuất MISA.
A86: 3 | B86: Sales → Kho / quản lý kho | C86: Kho hàng › Yêu cầu (Ticket) | D86: Sales xin giữ hàng theo model + số lượng ở Kho runrate; Kho duyệt hoặc từ chối kèm lý do. | E86: Số lượng đã giữ không còn trong phần khả dụng; xem được ai đang giữ gì và lịch sử.
A87: 4 | B87: Sales → Admin → Kế toán → Kho | C87: Kho hàng › Xuất kho | D87: Nhận đề xuất từ SO (chuẩn bị hàng). Khi Admin đã duyệt + KT đã xuất HĐ chính thức + đợt "trước xuất hàng" đã thu: chọn kho xuất, quét S/N từng thiết bị, bấm Duyệt, cập nhật ngày giao. | E87: Phiếu Hoàn thành, tồn trừ đúng S/N, S/N gắn khách và bắt đầu bảo hành. In phiếu / biên bản giao, xuất MISA.
A88: 5 | B88: Kho | C88: Kho hàng › Chuyển kho | D88: Chọn kho đi, kho đến, sản phẩm, S/N, số lượng → duyệt. | E88: Kho đi giảm, kho đến tăng đúng S/N.
A89: 6 | B89: Kho → quản lý kho | C89: Kho hàng › Hàng hư hỏng | D89: Báo hỏng / thanh lý: chọn S/N, số lượng, lý do → chờ duyệt → duyệt. | E89: Thiết bị rời tồn khả dụng.
A90: 7 | B90: Kho | C90: Kho hàng › Tồn kho | D90: Xem tồn theo kho / Số PO / S/N, cảnh báo tồn thấp & sắp hết hạn, cột tùy biến, cập nhật S/N hàng loạt, xuất Excel. | E90: Số liệu tồn khớp với các phiếu nhập / xuất / chuyển / hỏng đã duyệt.
A92: KẾ TOÁN – TÀI CHÍNH
A93: Kế toán giữ các "cổng tiền" của đơn hàng: chưa xác nhận đã thu đợt trước đặt hàng thì Mua hàng không chốt được PO; chưa xuất hóa đơn chính thức thì Kho không xuất được hàng. Ngoài ra Kế toán theo dõi công nợ khách hàng và rà soát tổng doanh số theo Hãng.
A94: Bước | B94: Ai làm | C94: Vào đâu (menu) | D94: Việc cần làm | E94: Kết quả / trạng thái / chuyển cho ai
A95: 1 | B95: Kế toán | C95: Hệ thống › Tiền tệ & Tỷ giá; Hệ thống › Cài đặt (mẫu tiến độ thanh toán) | D95: Bật ngoại tệ, nhập / lấy tỷ giá ngày; tạo mẫu chia đợt thanh toán và ngưỡng giá trị đơn bắt buộc thu trước. | E95: Báo giá / đơn USD dùng đúng tỷ giá; Sales áp được mẫu thanh toán.
A96: 2 | B96: Sales → Kế toán | C96: SO › Tiến độ thanh toán | D96: Đối chiếu UNC Sales upload với sao kê ngân hàng: đúng → Xác nhận; sai → Từ chối kèm lý do. Khách trả không qua Sales thì KT ghi nhận trực tiếp. | E96: Đợt Đã thanh toán, công nợ khách giảm; đợt "trước đặt hàng" mở PO, đợt "trước xuất hàng" mở xuất kho.
A97: 3 | B97: Sales / Admin → Kế toán → Sales → Kế toán | C97: Yêu cầu xuất hóa đơn (từ SO hoặc phiếu xuất "Chờ KT xuất hóa đơn") | D97: Cần HĐ nháp: upload HĐ nháp → Sales xác nhận / báo sai (KT upload lại v2) → phát hành HĐ chính thức, ghi nhận Đã xuất HĐ. Xuất trực tiếp: đính kèm HĐ và ghi nhận luôn. | E97: Kho nhận thông báo được xuất hàng.
A98: 4 | B98: Kế toán | C98: Bán hàng › Công nợ khách hàng | D98: Xem tổng nợ từng khách, chi tiết từng đơn, báo cáo tuổi nợ, xuất sao kê theo kỳ. | E98: Nợ khách chỉ tính từ đơn đã duyệt trở đi.
A99: 5 | B99: Kế toán / BOD | C99: Bán hàng › Tổng Doanh Số | D99: Đồng bộ doanh số theo Hãng từ PO, rà soát, xuất file. | E99: Số liệu khớp PO; chỉ BOD xóa được dòng.
A101: KỸ SƯ KỸ THUẬT
A102: Kỹ thuật làm việc qua ticket. Ai cần kỹ sư (Sales cần BOM, demo, triển khai; khách báo lỗi; nhân viên cần IT) đều tạo ticket. Mỗi ticket có hạn SLA tính bằng giờ làm việc; đồng hồ SLA dừng khi có kỹ sư nhận. Loại đơn giản thì kỹ sư tự nhận, loại phức tạp thì Lead phân công.
A103: Bước | B103: Ai làm | C103: Vào đâu (menu) | D103: Việc cần làm | E103: Kết quả / trạng thái / chuyển cho ai
A104: 1 | B104: Người yêu cầu | C104: Technical › Quản lý Ticket › Tạo mới (hoặc từ Cơ hội / Dự án) | D104: Chọn loại, ưu tiên, khách / dự án, mô tả, file. | E104: Ticket Open; hạn SLA: Cao 4h, Trung bình 8h giờ làm việc (8:00–12:00, 13:30–17:30, T2–T6, trừ ngày lễ).
A105: 2 | B105: Kỹ sư / Lead | C105: Technical › Quản lý Ticket | D105: Loại BOM, tài liệu, hậu mãi, IT, khác: kỹ sư tự Nhận. Loại khảo sát, triển khai, đào tạo, sự kiện: Lead phân công. | E105: Open → Assigned, SLA dừng.
A106: 3 | B106: Kỹ sư | C106: Ticket | D106: In Progress / Waiting (chờ khách, đối tác, Hãng); ghi Nhật ký hỗ trợ mỗi lần làm; trao đổi, upload kết quả; bàn giao nếu bận. | E106: Lịch sử đầy đủ, nhật ký là căn cứ tính công.
A107: 4 | B107: Kỹ sư → người yêu cầu → Lead | C107: Ticket | D107: Kỹ sư chuyển Completed; người yêu cầu gửi yêu cầu đóng; Lead chuyển Closed. | E107: Ticket Closed. Ticket gắn cơ hội phải Completed thì Sales mới đóng được cơ hội.
A108: 5 | B108: Kỹ thuật / Sales | C108: Technical › Tra cứu S/N – License | D108: Tra S/N khi khách báo lỗi. | E108: Thấy khách, đơn, ngày xuất, hạn bảo hành, license; còn bảo hành thì mở ticket Hậu mãi.
A110: TECH LEAD (TRƯỞNG NHÓM KỸ THUẬT)
A111: Tech Lead điều phối team kỹ thuật: nhận các ticket chỉ Lead được nhận (khảo sát, triển khai, đào tạo, sự kiện) và ticket từ dự án, phân công kỹ sư, điều chuyển khi kỹ sư bận, đóng ticket sau khi kỹ sư hoàn thành, cấu hình loại ticket kỹ sư được tự nhận và theo dõi SLA.
...

Sheet 1. Sales
A1: CHECKLIST NGHIỆM THU – PHÒNG KINH DOANH (SALES)
A2: Tài khoản test: Sales Staff (thao tác chính), Sales Manager (duyệt, xem nhóm), BOD (duyệt P&L, ngoại lệ)
A3: Sales là điểm bắt đầu của mọi đơn hàng: tạo khách hàng, báo giá và đơn hàng bán (SO). Từ SO, hệ thống chuyển việc lần lượt sang Admin, Mua hàng, Kho, Kế toán. Sales không tự đặt hàng hay xuất kho, nhưng phải gửi yêu cầu và theo dõi đến khi khách trả đủ tiền. → Workflow từng bước (ai làm, vào menu nào, kết quả) xem ở sheet "Workflow". Cột "Bước" dưới đây khớp số bước trong Workflow.
A5: Mã TC | B5: Bước | C5: Chức năng | D5: Loại | E5: Tình huống / Thao tác | F5: Kết quả mong đợi | G5: Người test | H5: Ngày test | I5: Kết quả | J5: Kết quả thực tế / Mô tả lỗi (bắt buộc khi Không đạt / Bị chặn) | K5: Mức độ lỗi | L5: Bằng chứng (ảnh, mã chứng từ, tài khoản) | M5: Dev phản hồi | N5: Trạng thái xử lý | O5: Ghi chú
A6: BƯỚC 1: KHÁCH HÀNG & NGƯỜI LIÊN HỆ
A7: SAL-001 | B7: 1 | C7: Khách hàng | D7: Luồng chính | E7: Tạo khách hàng mới đủ thông tin (tên, MST, ngành, địa chỉ) | F7: Lưu thành công, xuất hiện trong danh sách và ô tìm kiếm
A8: SAL-002 | B8: 1 | C8: Khách hàng | D8: Luồng chính | E8: Thêm 2 người liên hệ cho khách | F8: Cả hai hiện trong dropdown P.I.C khi lập báo giá
A9: SAL-003 | B9: 1 | C9: Khách hàng | D9: Phát sinh | E9: Tạo khách có MST trùng với khách đã có | F9: Báo lỗi trùng MST, không tạo bản ghi mới
A10: SAL-004 | B10: 1 | C10: Khách hàng | D10: Phát sinh | E10: Bỏ trống tên hoặc MST rồi lưu | F10: Báo lỗi bắt buộc ngay tại trường
A11: SAL-005 | B11: 1 | C11: Khách hàng | D11: Phát sinh | E11: Thêm liên hệ có email trùng liên hệ khác của cùng khách; thử cùng email ở khách khác | F11: Cùng khách: báo "Email này đã tồn tại…". Khách khác: cho phép
A12: SAL-006 | B12: 1 | C12: Khách hàng | D12: Phát sinh | E12: Nhập email sai định dạng | F12: Báo "Email không đúng định dạng"
A13: SAL-007 | B13: 1 | C13: Khách hàng | D13: Phát sinh | E13: Import khách từ file mẫu có dòng trùng MST và dòng thiếu cột | F13: Báo số dòng thành công / lỗi; dòng lỗi không được tạo
A14: SAL-008 | B14: 1 | C14: Khách hàng | D14: Phát sinh | E14: Sales A mở khách của Sales B (khác nhóm) | F14: Không thấy hoặc không sửa được, đúng phân quyền
A15: SAL-009 | B15: 1 | C15: Khách hàng | D15: Phát sinh | E15: Xóa khách đã có báo giá / đơn hàng | F15: Bị chặn hoặc cảnh báo, không mất dữ liệu liên quan
A16: BƯỚC 2: CƠ HỘI & HOẠT ĐỘNG GẶP KHÁCH
A17: SAL-010 | B17: 2 | C17: Cơ hội | D17: Luồng chính | E17: Tạo cơ hội: chọn khách, loại hoạt động, tiềm năng, mời người tham gia | F17: Người được mời nhận thông báo
A18: SAL-011 | B18: 2 | C18: Cơ hội | D18: Luồng chính | E18: Người được mời bấm Đồng ý | F18: Hoạt động vào Calendar của họ
A19: SAL-012 | B19: 2 | C19: Cơ hội | D19: Luồng chính | E19: Chuyển trạng thái Nháp → Đã lên lịch → Đã xác nhận → Đang thực hiện → Hoàn thành | F19: Mỗi bước đổi trạng thái đúng, có lịch sử
A20: SAL-013 | B20: 2 | C20: Cơ hội | D20: Luồng chính | E20: Chuyển cơ hội thành dự án | F20: Dự án mới mang sẵn khách, nguồn cơ hội
A21: SAL-014 | B21: 2 | C21: Cơ hội | D21: Phát sinh | E21: Hoạt động trình bày giải pháp chưa được BOD/Manager xác nhận, bấm Hoàn thành | F21: Bị chặn, thông báo cần xác nhận
A22: SAL-015 | B22: 2 | C22: Cơ hội | D22: Phát sinh | E22: Yêu cầu quà tặng đang chờ BOD duyệt, bấm Hoàn thành; BOD từ chối quà | F22: Không hoàn thành được; khi bị từ chối Sales nhận thông báo
A23: SAL-016 | B23: 2 | C23: Cơ hội | D23: Phát sinh | E23: Ticket Marketing hoặc Kỹ thuật gắn với cơ hội chưa xong, bấm Hoàn thành | F23: Bị chặn
A24: SAL-017 | B24: 2 | C24: Cơ hội | D24: Phát sinh | E24: Người được mời bấm Từ chối; người không được mời mở link | F24: Từ chối: không xem chi tiết, có nút đổi ý. Không được mời: bị chặn
A25: SAL-018 | B25: 2 | C25: Cơ hội | D25: Phát sinh | E25: Hoãn / hủy hoạt động | F25: Trạng thái đổi, lịch của người tham gia cập nhật
A26: BƯỚC 3: ĐĂNG KÝ DỰ ÁN VỚI HÃNG
A27: SAL-019 | B27: 3 | C27: Đăng ký dự án | D27: Luồng chính | E27: Tạo dự án, chọn Hãng, nhập BOM / file BOM, gửi đăng ký | F27: "Mới đăng ký (Chờ tiếp nhận)", PM/PO Team nhận thông báo
A28: SAL-020 | B28: 3 | C28: Đăng ký dự án | D28: Luồng chính | E28: PM tiếp nhận → gửi Hãng → đính kèm Báo giá Hãng (v1) | F28: Sales nhận "Dự án có Báo giá Hãng mới"
A29: SAL-021 | B29: 3 | C29: Đăng ký dự án | D29: Luồng chính | E29: Hoàn tất ĐKDA, cập nhật tiến độ hàng tháng | F29: "Đã đăng ký – Đang theo đuổi", lưu được cập nhật tháng
A30: SAL-022 | B30: 3 | C30: Đăng ký dự án | D30: Luồng chính | E30: Đóng dự án Closed Won / Closed Lost | F30: Trạng thái đúng, dự án khóa chỉnh sửa
A31: SAL-023 | B31: 3 | C31: Đăng ký dự án | D31: Phát sinh | E31: Gửi đăng ký không có BOM và không có file BOM | F31: Bị chặn "Bắt buộc phải nhập Danh mục BOM…"
A32: SAL-024 | B32: 3 | C32: Đăng ký dự án | D32: Phát sinh | E32: Dự án Fortinet không nhập Net to FTN hoặc nhập 0 | F32: Bị chặn
A33: SAL-025 | B33: 3 | C33: Đăng ký dự án | D33: Phát sinh | E33: Đăng ký trùng dự án đã có | F33: Cảnh báo trùng, hiện Sales đã đăng ký trước
A34: SAL-026 | B34: 3 | C34: Đăng ký dự án | D34: Phát sinh | E34: PM báo trùng → Sales phản hồi "Không trùng"; Sales khác thử phản hồi | F34: Dự án quay lại xử lý; chỉ Sales phụ trách được phản hồi
A35: SAL-027 | B35: 3 | C35: Đăng ký dự án | D35: Phát sinh | E35: PM trả "Thiếu thông tin" → Sales sửa, gửi lại | F35: Log ghi "gửi đăng ký lại (lần 2)"
A36: SAL-028 | B36: 3 | C36: Đăng ký dự án | D36: Phát sinh | E36: PM bấm nhắc Hãng | F36: SLA được gia hạn, có log
A37: SAL-029 | B37: 3 | C37: Đăng ký dự án | D37: Phát sinh | E37: Hãng từ chối → Sales nhân bản dự án | F37: Dự án cũ khóa sửa; bản nhân bản yêu cầu chọn Hãng mới
A38: SAL-030 | B38: 3 | C38: Đăng ký dự án | D38: Phát sinh | E38: Hãng gửi báo giá nhiều lần; xóa 1 phiên bản | F38: Có v1, v2…; xóa 1 bản không ảnh hưởng bản khác
A39: SAL-031 | B39: 3 | C39: Đăng ký dự án | D39: Phát sinh | E39: Thêm P.I.C phụ / người theo dõi | F39: Họ nhận thông báo và thấy dự án
A40: BƯỚC 4: LẬP BÁO GIÁ, GỬI KHÁCH
A41: SAL-032 | B41: 4 | C41: Báo giá | D41: Luồng chính | E41: Tạo báo giá: khách, P.I.C, sản phẩm từ catalog / bảng giá, chiết khấu, VAT | F41: Tổng tiền tính đúng
A42: SAL-033 | B42: 4 | C42: Báo giá | D42: Luồng chính | E42: Báo giá gắn dự án: bấm tải nhanh BOM | F42: Dòng sản phẩm được điền sẵn
A43: SAL-034 | B43: 4 | C43: Báo giá | D43: Luồng chính | E43: In / xuất Excel / gửi email báo giá | F43: File đúng mẫu công ty, email đến đúng địa chỉ
A44: SAL-035 | B44: 4 | C44: Báo giá | D44: Luồng chính | E44: Chuyển trạng thái Đã gửi khách → KH chốt giá | F44: Trạng thái đúng
A45: SAL-036 | B45: 4 | C45: Báo giá | D45: Phát sinh | E45: Khách chưa có trong hệ thống: bấm "Thêm khách hàng nhanh" trên form báo giá | F45: Khách mới được chọn sẵn, dữ liệu đã nhập trên form không mất
A46: SAL-037 | B46: 4 | C46: Báo giá | D46: Phát sinh | E46: Khách có rồi nhưng chưa có người liên hệ: bấm thêm nhanh P.I.C | F46: P.I.C mới được chọn sẵn
A47: SAL-038 | B47: 4 | C47: Báo giá | D47: Phát sinh | E47: Sản phẩm chưa có trong danh mục: nhập tên tự do / tạo nhanh | F47: Lưu được, sản phẩm sinh ra trong danh mục
A48: SAL-039 | B48: 4 | C48: Báo giá | D48: Phát sinh | E48: Không chọn P.I.C hoặc không có dòng sản phẩm nào | F48: Báo lỗi bắt buộc
A49: SAL-040 | B49: 4 | C49: Báo giá | D49: Phát sinh | E49: Hạn báo giá trước ngày tạo | F49: Báo "Hạn báo giá phải sau hoặc bằng ngày tạo"
A50: SAL-041 | B50: 4 | C50: Báo giá | D50: Phát sinh | E50: Số lượng 0 / âm, đơn giá âm, chiết khấu > 100% | F50: Bị chặn
A51: SAL-042 | B51: 4 | C51: Báo giá | D51: Phát sinh | E51: Chọn tiền tệ USD, đổi tỷ giá | F51: Hiện ô tỷ giá, tổng quy đổi VND đúng, giá tính lại khi đổi tỷ giá
A52: SAL-043 | B52: 4 | C52: Báo giá | D52: Phát sinh | E52: Khách có bảng giá riêng | F52: Giá lấy theo bảng giá của khách
... A54: SAL-045 | B54: 4 | C54: Báo giá | D54: Phát sinh | E54: Khách không có email, bấm gửi email | F54: Báo lỗi rõ ràng
A55: BƯỚC 5: CHUYỂN BÁO GIÁ THÀNH ĐƠN HÀNG (SO)
A56: SAL-046 | B56: 5 | C56: Chuyển đơn hàng | D56: Luồng chính | E56: Bấm Chuyển đơn hàng trên báo giá đã chốt | F56: Sinh SO-YYYYMMDD-xxxx, báo giá thành "Đã chuyển đơn hàng"
A57: SAL-047 | B57: 5 | C57: Chuyển đơn hàng | D57: Luồng chính | E57: Mở SO vừa tạo | F57: Đúng khách, sản phẩm, tổng tiền; loại đơn đúng (dự án / bán lẻ)
A58: SAL-048 | B58: 5 | C58: Chuyển đơn hàng | D58: Phát sinh | E58: Báo giá đã quá hạn, bấm chuyển đơn | F58: Bị chặn, gợi ý nhân bản; nhân bản ra báo giá mới mã mới
A59: SAL-049 | B59: 5 | C59: Chuyển đơn hàng | D59: Phát sinh | E59: Báo giá đã chuyển đơn: thử sửa / xóa / chuyển lần 2 | F59: Đều bị chặn
A60: BƯỚC 6: P&L, TIẾN ĐỘ THANH TOÁN, GỬI DUYỆT
A61: SAL-050 | B61: 6 | C61: P&L | D61: Luồng chính | E61: Nhập giá vốn, thêm chi phí mặc định | F61: Margin và % margin tính đúng
A62: SAL-051 | B62: 6 | C62: P&L | D62: Luồng chính | E62: Áp mẫu tiến độ thanh toán / tự thêm đợt | F62: Các đợt hiện đúng %, số tiền, mốc
A63: SAL-052 | B63: 6 | C63: P&L | D63: Luồng chính | E63: Gửi duyệt P&L → Legal duyệt cấp 1 → BOD duyệt cấp 2 | F63: "Chờ duyệt" → "Đã duyệt" sau đủ 2 cấp, Sales nhận thông báo ở mỗi cấp
A64: SAL-053 | B64: 6 | C64: P&L | D64: Luồng chính | E64: Gán P.I.C phụ và tỷ lệ chia margin | F64: P.I.C phụ nhận thông báo, doanh số chia đúng tỷ lệ
A65: SAL-054 | B65: 6 | C65: P&L | D65: Luồng chính | E65: Tạo SO nhanh đặt Hãng (Mua hàng › Đơn hàng (Không PNL)) | F65: Sinh đơn và yêu cầu đặt hàng, sản phẩm vào danh sách cần đặt
A66: SAL-055 | B66: 6 | C66: P&L | D66: Phát sinh | E66: Đơn vượt ngưỡng giá trị, đặt 100% thanh toán sau giao hàng | F66: Bị chặn, yêu cầu ít nhất 1 đợt trước đặt hàng / trước xuất hàng
A67: SAL-056 | B67: 6 | C67: P&L | D67: Phát sinh | E67: Người duyệt bấm Yêu cầu chỉnh sửa | F67: P&L mở lại, Sales thấy lý do, sửa và gửi lại được
A68: SAL-057 | B68: 6 | C68: P&L | D68: Phát sinh | E68: Người duyệt bấm Từ chối | F68: "Từ chối (P&L)", Sales nhận thông báo kèm lý do
A69: SAL-058 | B69: 6 | C69: P&L | D69: Phát sinh | E69: Sửa đơn / BOM / chi phí khi P&L đang chờ duyệt hoặc đã duyệt | F69: Bị chặn; gửi yêu cầu mở lại P&L → BOD/Quản trị viên duyệt → mở khóa
A70: SAL-059 | B70: 6 | C70: P&L | D70: Phát sinh | E70: Chưa cấu hình quy trình duyệt P&L, bấm gửi duyệt | F70: Chuyển sang chờ duyệt thủ công, không lỗi trang
A71: SAL-060 | B71: 6 | C71: P&L | D71: Phát sinh | E71: Người không phải Sales phụ trách / quản lý bấm gửi duyệt | F71: Bị chặn
A72: SAL-061 | B72: 6 | C72: P&L | D72: Phát sinh | E72: Chọn P.I.C phụ trùng người tạo đơn | F72: Báo lỗi
... A78: SAL-067 | B78: 6 | C78: Phân quyền đơn | D78: Phát sinh | E78: Sales A xem đơn của Sales B với quyền view_own / view_group / view_all | F78: own: chỉ đơn mình; group: đơn nhóm; all: tất cả
A79: BƯỚC 7: GỬI YÊU CẦU ĐẶT HÀNG
A80: SAL-068 | B80: 7 | C80: Yêu cầu đặt hàng | D80: Luồng chính | E80: Từ SO đã duyệt P&L tạo yêu cầu, đính kèm file, lưu nháp rồi gửi | F80: Lưu nháp được, gửi được → "Chờ Admin duyệt"
A81: SAL-069 | B81: 7 | C81: Yêu cầu đặt hàng | D81: Luồng chính | E81: Admin duyệt | F81: Sales nhận thông báo, PO Team thấy yêu cầu ở Duyệt yêu cầu (PR)
A82: SAL-070 | B82: 7 | C82: Yêu cầu đặt hàng | D82: Phát sinh | E82: Gửi không có file đính kèm | F82: Bị chặn
A83: SAL-071 | B83: 7 | C83: Yêu cầu đặt hàng | D83: Phát sinh | E83: Thiếu POS-ID / EU Name / MST khi sản phẩm cần CQ riêng | F83: Bị chặn
A84: SAL-072 | B84: 7 | C84: Yêu cầu đặt hàng | D84: Phát sinh | E84: Import S/N từ file sai định dạng / file rỗng | F84: Báo "Không tìm thấy số S/N nào…"
A85: SAL-073 | B85: 7 | C85: Yêu cầu đặt hàng | D85: Phát sinh | E85: Admin trả về "Cần bổ sung"; Sales tạo yêu cầu mới khi đang có yêu cầu cần bổ sung | F85: Sales nhận lý do, sửa và gửi lại; tạo mới thì tự chuyển về màn sửa yêu cầu cũ
A86: SAL-074 | B86: 7 | C86: Yêu cầu đặt hàng | D86: Phát sinh | E86: Admin trả về để chỉnh lại P&L | F86: P&L mở lại cho Sales
A87: SAL-075 | B87: 7 | C87: Yêu cầu đặt hàng | D87: Phát sinh | E87: Sửa yêu cầu đã gửi (không ở trạng thái nháp / cần bổ sung) | F87: Bị chặn
A88: BƯỚC 8: THEO DÕI HÀNG VỀ
A89: SAL-076 | B89: 8 | C89: Theo dõi hàng về | D89: Luồng chính | E89: Mở Theo dõi hàng về sau mỗi bước của PO | F89: Hiển thị đúng: Chờ đặt hàng → Đã đặt → Chờ hàng về (ETD/ETA) → Hàng đã về
A90: SAL-077 | B90: 8 | C90: Theo dõi hàng về | D90: Phát sinh | E90: PO Team Hold PO | F90: Sales nhận thông báo kèm lý do, SO hiện Hold
A91: BƯỚC 9: YÊU CẦU XUẤT HÓA ĐƠN & XUẤT KHO
A92: SAL-078 | B92: 9 | C92: Hóa đơn & xuất kho | D92: Luồng chính | E92: Tạo yêu cầu xuất HĐ cần HĐ nháp → KT upload nháp → Sales xác nhận → KT xuất chính thức | F92: Mỗi bước đổi trạng thái đúng, đúng người nhận thông báo
A93: SAL-079 | B93: 9 | C93: Hóa đơn & xuất kho | D93: Luồng chính | E93: Gửi đề xuất xuất kho (toàn bộ hoặc một phần) | F93: Phiếu "Chờ Admin duyệt xuất", Kho nhận thông báo chuẩn bị hàng
A94: SAL-080 | B94: 9 | C94: Hóa đơn & xuất kho | D94: Luồng chính | E94: Cập nhật ngày giao hàng | F94: Hạn các đợt "sau giao hàng" được tính lại
A95: SAL-081 | B95: 9 | C95: Hóa đơn & xuất kho | D95: Phát sinh | E95: Hàng chưa về đủ mà yêu cầu giao hàng | F95: Báo "Hàng chưa về đủ…"
A96: SAL-082 | B96: 9 | C96: Hóa đơn & xuất kho | D96: Phát sinh | E96: Đề xuất xuất số lượng vượt số còn lại | F96: Bị chặn, báo số còn lại cụ thể
A97: SAL-083 | B97: 9 | C97: Hóa đơn & xuất kho | D97: Phát sinh | E97: Giao hàng khi phiếu xuất chưa duyệt | F97: Bị chặn
A98: SAL-084 | B98: 9 | C98: Hóa đơn & xuất kho | D98: Phát sinh | E98: Sales báo HĐ nháp chưa chính xác | F98: KT import lại v2, Sales nhận thông báo kiểm tra lại
A99: SAL-085 | B99: 9 | C99: Hóa đơn & xuất kho | D99: Phát sinh | E99: Hủy yêu cầu xuất HĐ đã được xử lý | F99: Bị chặn
A100: BƯỚC 10: THU TIỀN TỪNG ĐỢT
A101: SAL-086 | B101: 10 | C101: Thanh toán | D101: Luồng chính | E101: Upload UNC cho đợt → KT xác nhận | F101: Công nợ giảm, bước bị khóa (đặt hàng / xuất hàng) được mở
A102: SAL-087 | B102: 10 | C102: Thanh toán | D102: Phát sinh | E102: Đợt "trước xuất hàng" chưa thanh toán, thử xuất kho | F102: Không xuất được đến khi KT xác nhận hoặc BOD duyệt ngoại lệ
A103: SAL-088 | B103: 10 | C103: Thanh toán | D103: Phát sinh | E103: Xin ngoại lệ → BOD duyệt hoặc ủy quyền người khác; người không phải BOD bấm ủy quyền | F103: Người được ủy quyền nhận thông báo, duyệt được; không phải BOD: bị chặn
A104: SAL-089 | B104: 10 | C104: Thanh toán | D104: Phát sinh | E104: KT từ chối UNC | F104: Sales nhận thông báo kèm lý do, upload lại được
A105: SAL-090 | B105: 10 | C105: Thanh toán | D105: Phát sinh | E105: Xóa đợt đã hoàn thành hoặc đợt từ mẫu (không phải MANUAL) | F105: Bị chặn
A106: SAL-091 | B106: 10 | C106: Thanh toán | D106: Phát sinh | E106: Đợt thanh toán quá hạn | F106: Đơn hiện cảnh báo, chi phí lãi vay quá hạn tính vào P&L
A107: BƯỚC 11: ĐẶT PHÒNG HỌP
...

Sheet 2. Sales Manager
A1: CHECKLIST NGHIỆM THU – SALES MANAGER (TRƯỞNG PHÒNG KINH DOANH)
A2: Tài khoản test: Sales Manager; 2 Sales Staff trong nhóm của Sales Manager; 1 Sales Staff ở nhóm khác (để thử phạm vi xem)
A3: Sales Manager quản lý một nhóm Sales: xem toàn bộ dữ liệu của nhóm, xác nhận hoạt động gặp khách, phân P.I.C phụ và tỷ lệ chia margin, rà P&L và gửi duyệt thay Sales, đôn đốc công nợ. Sales Manager KHÔNG duyệt P&L — P&L do Legal (cấp 1) rồi BOD (cấp 2) duyệt. Theo code, Sales Manager cũng được duyệt yêu cầu đặt hàng như Admin. → Workflow từng bước (ai làm, vào menu nào, kết quả) xem ở sheet "Workflow". Cột "Bước" dưới đây khớp số bước trong Workflow.
A5: Mã TC | B5: Bước | C5: Chức năng | D5: Loại | E5: Tình huống / Thao tác | F5: Kết quả mong đợi | G5: Người test | H5: Ngày test | I5: Kết quả | J5: Kết quả thực tế / Mô tả lỗi (bắt buộc khi Không đạt / Bị chặn) | K5: Mức độ lỗi | L5: Bằng chứng (ảnh, mã chứng từ, tài khoản) | M5: Dev phản hồi | N5: Trạng thái xử lý | O5: Ghi chú
A6: BƯỚC 1: XEM DỮ LIỆU CỦA NHÓM
A7: SM-001 | B7: 1 | C7: Phạm vi xem | D7: Luồng chính | E7: Đăng nhập Sales Manager, mở Khách hàng / Báo giá / Đơn hàng bán | F7: Thấy dữ liệu của mình và các thành viên trong nhóm
A8: SM-002 | B8: 1 | C8: Phạm vi xem | D8: Phát sinh | E8: Mở link đơn hàng / báo giá của Sales ở nhóm khác | F8: Không thấy hoặc bị chặn
A9: SM-003 | B9: 1 | C9: Phạm vi xem | D9: Phát sinh | E9: Thêm 1 Sales mới vào nhóm (Phân nhóm), mở lại danh sách | F9: Thấy thêm dữ liệu của người mới
A10: BƯỚC 2: XÁC NHẬN HOẠT ĐỘNG GẶP KHÁCH
A11: SM-004 | B11: 2 | C11: Xác nhận hoạt động | D11: Luồng chính | E11: Sales tạo hoạt động trình bày giải pháp → Sales Manager xác nhận | F11: Trạng thái "Đã xác nhận", Sales nhận thông báo; sau đó Sales chuyển Đang thực hiện / Hoàn thành được
A12: SM-005 | B12: 2 | C12: Xác nhận hoạt động | D12: Luồng chính | E12: Xác nhận hoạt động có quà: chọn vật phẩm MKT và số lượng | F12: Tồn vật phẩm giảm, quà "Đã duyệt", Marketing nhận ticket chuẩn bị quà
A13: SM-006 | B13: 2 | C13: Xác nhận hoạt động | D13: Luồng chính | E13: Xác nhận hoạt động cần kỹ sư: chọn kỹ sư đi cùng | F13: Ticket Kỹ thuật được tạo cho kỹ sư đó
A14: SM-007 | B14: 2 | C14: Xác nhận hoạt động | D14: Phát sinh | E14: Sales thường tự xác nhận hoạt động của mình | F14: Bị chặn "Chỉ BOD/Manager mới có quyền phê duyệt & xác nhận hoạt động cơ hội này."
A15: SM-008 | B15: 2 | C15: Xác nhận hoạt động | D15: Phát sinh | E15: Sales chuyển hoạt động chưa xác nhận sang Hoàn thành (kể cả loại cafe, không quà) | F15: Bị chặn "Hoạt động cần được BOD/Manager xác nhận trước khi đánh dấu hoàn thành."
A16: SM-009 | B16: 2 | C16: Xác nhận hoạt động | D16: Phát sinh | E16: Sales chuyển hoạt động trình bày giải pháp chưa xác nhận sang Đang thực hiện | F16: Bị chặn "Đợt trình bày/hoạt động phối hợp cần được BOD/Manager phê duyệt…"
A17: BƯỚC 3: PHÂN P.I.C PHỤ
A18: SM-010 | B18: 3 | C18: P.I.C phụ | D18: Luồng chính | E18: Gán P.I.C phụ cho dự án của Sales cùng phòng ban | F18: P.I.C phụ nhận thông báo, thấy dự án
A19: SM-011 | B19: 3 | C19: P.I.C phụ | D19: Phát sinh | E19: Gán P.I.C phụ cho dự án của Sales khác phòng ban | F19: Bị chặn (Sales Manager chỉ sửa dự án cùng phòng ban — kiểm cột Phòng ban của nhân viên)
A20: SM-012 | B20: 3 | C20: P.I.C phụ | D20: Luồng chính | E20: Gán P.I.C phụ cho đơn hàng, chọn chia theo %: 60 / 40 | F20: Lưu đúng 60% / 40%; báo cáo doanh số nhân viên chia đúng
A21: SM-013 | B21: 3 | C21: P.I.C phụ | D21: Luồng chính | E21: Đổi cách chia sang "người phụ 100%", rồi bỏ P.I.C phụ | F21: Người phụ hưởng 100%; bỏ P.I.C phụ thì quay về người chính 100%
A22: SM-014 | B22: 3 | C22: P.I.C phụ | D22: Phát sinh | E22: Sales thường gán P.I.C phụ cho dự án không phải của mình | F22: Bị chặn
A23: SM-015 | B23: 3 | C23: P.I.C phụ | D23: Phát sinh | E23: Chọn P.I.C phụ trùng người tạo đơn (đơn hàng) / trùng người phụ trách chính (dự án) | F23: Đơn: "Người phụ trách thứ 2 không được trùng với Người tạo đơn." Dự án: "… trùng với Người phụ trách chính."
A24: SM-016 | B24: 3 | C24: P.I.C phụ | D24: Phát sinh | E24: BOD gán P.I.C phụ cho dự án | F24: Bị chặn (BOD không sửa dự án)
A25: BƯỚC 4: RÀ P&L, GỬI DUYỆT THAY SALES
A26: SM-017 | B26: 4 | C26: P&L | D26: Luồng chính | E26: Mở P&L đơn của thành viên, bấm Gửi duyệt thay | F26: "Chờ duyệt", Legal nhận thông báo cấp 1
A27: SM-018 | B27: 4 | C27: P&L | D27: Luồng chính | E27: Theo dõi đơn đang chờ duyệt | F27: Thấy đơn đang ở cấp nào (Legal / BOD) và lịch sử duyệt
A28: SM-019 | B28: 4 | C28: P&L | D28: Phát sinh | E28: Đơn bị Legal / BOD yêu cầu sửa hoặc từ chối | F28: Sales Manager và Sales đều thấy lý do
A29: SM-020 | B29: 4 | C29: P&L | D29: Phát sinh | E29: Sales Manager tìm nút duyệt P&L | F29: Không có nút duyệt (không phải cấp duyệt)
A30: BƯỚC 5: DUYỆT YÊU CẦU ĐẶT HÀNG (KHI ĐƯỢC GIAO)
A31: SM-021 | B31: 5 | C31: Yêu cầu đặt hàng | D31: Luồng chính | E31: Yêu cầu "Chờ Admin duyệt" của nhóm → Sales Manager duyệt | F31: "Đã gửi", PO Team thấy ở Duyệt yêu cầu (PR), Sales nhận thông báo
A32: SM-022 | B32: 5 | C32: Yêu cầu đặt hàng | D32: Phát sinh | E32: Trả về kèm lý do (thiếu thông tin / sửa P&L) | F32: Sales nhận lý do, sửa và gửi lại được
A33: SM-023 | B33: 5 | C33: Yêu cầu đặt hàng | D33: Phát sinh | E33: Duyệt yêu cầu không ở trạng thái Chờ Admin duyệt | F33: Bị chặn
A34: BƯỚC 6: UNC & CÔNG NỢ CỦA NHÓM
A35: SM-024 | B35: 6 | C35: UNC & công nợ | D35: Luồng chính | E35: Upload UNC thay Sales cho đơn của nhóm (đơn chưa xuất hóa đơn) | F35: Kế toán nhận thông báo xác nhận
A36: SM-025 | B36: 6 | C36: UNC & công nợ | D36: Phát sinh | E36: Upload UNC cho đơn đã xuất hóa đơn chính thức | F36: Bị chặn "Đơn hàng đã xuất hóa đơn. Việc theo dõi và thu hồi công nợ sau khi xuất hóa đơn do Kế toán phụ trách."
A37: SM-026 | B37: 6 | C37: UNC & công nợ | D37: Phát sinh | E37: Sales ngoài nhóm upload UNC cho đơn không phải của mình | F37: Bị chặn "Chỉ Sales phụ trách đơn hàng hoặc quản lý Sales…"
A38: SM-027 | B38: 6 | C38: UNC & công nợ | D38: Luồng chính | E38: Mở Công nợ khách hàng, lọc nợ quá hạn | F38: Đúng số liệu, đúng phạm vi nhóm
A39: BƯỚC 7: BÁO CÁO NHÓM
A40: SM-028 | B40: 7 | C40: Báo cáo | D40: Luồng chính | E40: Báo cáo tần suất gặp và báo cáo bán hàng, lọc từng thành viên | F40: Khớp hoạt động và đơn hàng của từng người
A41: SM-029 | B41: 7 | C41: Báo cáo | D41: Luồng chính | E41: Mở Dashboard | F41: Thấy số liệu đúng phạm vi nhóm

Sheet 3. Legal
A1: CHECKLIST NGHIỆM THU – LEGAL TEAM (PHÁP CHẾ) – DUYỆT CẤP 1 HỢP ĐỒNG & P&L
A2: Tài khoản test: Legal Team; Sales Staff (gửi duyệt); BOD (duyệt cấp 2)
A3: Legal là cấp duyệt 1 của mọi đơn hàng bán, trước BOD. Legal kiểm tra hợp đồng mua bán (HĐMB) và bảng P&L, rồi duyệt, yêu cầu Sales chỉnh sửa, hoặc từ chối. Legal không sửa đơn. Quy trình cấu hình ở Hệ thống › Quy trình duyệt: "Quy trình duyệt P&L & Hợp đồng bán hàng" – Cấp 1 Legal Team → Cấp 2 BOD. → Workflow từng bước (ai làm, vào menu nào, kết quả) xem ở sheet "Workflow". Cột "Bước" dưới đây khớp số bước trong Workflow.
A5: Mã TC | B5: Bước | C5: Chức năng | D5: Loại | E5: Tình huống / Thao tác | F5: Kết quả mong đợi | G5: Người test | H5: Ngày test | I5: Kết quả | J5: Kết quả thực tế / Mô tả lỗi (bắt buộc khi Không đạt / Bị chặn) | K5: Mức độ lỗi | L5: Bằng chứng (ảnh, mã chứng từ, tài khoản) | M5: Dev phản hồi | N5: Trạng thái xử lý | O5: Ghi chú
A6: BƯỚC 1: NHẬN ĐƠN CHỜ DUYỆT
A7: LEG-001 | B7: 1 | C7: Nhận đơn | D7: Luồng chính | E7: Sales gửi duyệt P&L | F7: Legal nhận thông báo, đơn có trong danh sách chờ duyệt của Legal
A8: LEG-002 | B8: 1 | C8: Nhận đơn | D8: Phát sinh | E8: BOD mở đơn đang chờ Legal | F8: Hiện đang ở cấp 1 – Legal; BOD chưa duyệt cấp 2 được (nếu quy định cho BOD duyệt vượt cấp thì ghi rõ)
A9: LEG-003 | B9: 1 | C9: Nhận đơn | D9: Phát sinh | E9: Tắt quy trình duyệt P&L rồi Sales gửi duyệt | F9: Đơn chuyển chờ duyệt thủ công, không lỗi trang
A10: BƯỚC 2: THẨM ĐỊNH HỒ SƠ
A11: LEG-004 | B11: 2 | C11: Thẩm định | D11: Luồng chính | E11: Legal mở SO: thông tin khách, điều khoản, file đính kèm, bảng P&L | F11: Xem đủ, tải / xem trước file được
A12: LEG-005 | B12: 2 | C12: Thẩm định | D12: Phát sinh | E12: Legal thử sửa giá / chi phí trên P&L | F12: Không sửa được (chỉ xem)
A13: LEG-006 | B13: 2 | C13: Thẩm định | D13: Phát sinh | E13: Đơn không có file hợp đồng đính kèm | F13: Legal thấy rõ là thiếu, dùng Yêu cầu chỉnh sửa để Sales bổ sung
A14: BƯỚC 3: RA QUYẾT ĐỊNH
A15: LEG-007 | B15: 3 | C15: Quyết định | D15: Luồng chính | E15: Legal duyệt kèm ghi chú | F15: Cấp 1 Đã duyệt, BOD nhận thông báo cấp 2, Sales thấy tiến độ
A16: LEG-008 | B16: 3 | C16: Quyết định | D16: Luồng chính | E16: Legal yêu cầu chỉnh sửa kèm lý do | F16: P&L "Yêu cầu chỉnh sửa", Sales nhận lý do và sửa được
A17: LEG-009 | B17: 3 | C17: Quyết định | D17: Luồng chính | E17: Legal từ chối kèm lý do | F17: "Từ chối (P&L)", Sales nhận thông báo kèm lý do
A18: LEG-010 | B18: 3 | C18: Quyết định | D18: Phát sinh | E18: Từ chối / yêu cầu sửa mà không nhập lý do | F18: Bị chặn hoặc bắt buộc nhập lý do
A19: LEG-011 | B19: 3 | C19: Quyết định | D19: Phát sinh | E19: Tài khoản legal không được cấp quyền approve_sales | F19: Không thấy nút duyệt / bị chặn
A20: BƯỚC 4: THEO DÕI SAU DUYỆT
A21: LEG-012 | B21: 4 | C21: Sau duyệt | D21: Luồng chính | E21: Sales sửa xong gửi lại | F21: Đơn quay về cấp 1 Legal, lịch sử giữ lần duyệt trước
A22: LEG-013 | B22: 4 | C22: Sau duyệt | D22: Luồng chính | E22: BOD duyệt cấp 2 sau Legal | F22: P&L Đã duyệt, Sales tạo được yêu cầu đặt hàng
A23: LEG-014 | B23: 4 | C23: Sau duyệt | D23: Phát sinh | E23: Legal mở đơn đã duyệt hoàn tất | F23: Chỉ xem, không duyệt lại
A24: LEG-015 | B24: 4 | C24: Sau duyệt | D24: Luồng chính | E24: Legal mở phiếu xuất kho của đơn | F24: Xem được

Sheet 4. BOD
A1: CHECKLIST NGHIỆM THU – BAN GIÁM ĐỐC (DIRECTOR)
A2: Tài khoản test: BOD; Sales Staff; Legal Team; Marketing; Order Management
A3: BOD là cấp duyệt cuối: duyệt P&L cấp 2 sau Legal, quyết định ngoại lệ thanh toán (cho đặt hàng / xuất hàng khi khách chưa trả), mở lại P&L đã duyệt, duyệt các khoản chi Marketing. BOD theo dõi kinh doanh qua Dashboard. → Workflow từng bước (ai làm, vào menu nào, kết quả) xem ở sheet "Workflow". Cột "Bước" dưới đây khớp số bước trong Workflow.
A5: Mã TC | B5: Bước | C5: Chức năng | D5: Loại | E5: Tình huống / Thao tác | F5: Kết quả mong đợi | G5: Người test | H5: Ngày test | I5: Kết quả | J5: Kết quả thực tế / Mô tả lỗi (bắt buộc khi Không đạt / Bị chặn) | K5: Mức độ lỗi | L5: Bằng chứng (ảnh, mã chứng từ, tài khoản) | M5: Dev phản hồi | N5: Trạng thái xử lý | O5: Ghi chú
A6: BƯỚC 1: DUYỆT P&L CẤP 2
A7: BOD-001 | B7: 1 | C7: P&L cấp 2 | D7: Luồng chính | E7: Legal đã duyệt cấp 1 → BOD duyệt | F7: P&L Đã duyệt, đơn Đã duyệt, Sales nhận thông báo
A8: BOD-002 | B8: 1 | C8: P&L cấp 2 | D8: Luồng chính | E8: BOD yêu cầu chỉnh sửa / từ chối kèm lý do | F8: Sales nhận lý do; gửi lại thì đi lại từ Legal cấp 1
A9: BOD-003 | B9: 1 | C9: P&L cấp 2 | D9: Phát sinh | E9: Badge / chuông khi có đơn chờ cấp 2; duyệt xong | F9: Số việc chờ giảm
A10: BƯỚC 2: NGOẠI LỆ THANH TOÁN & ỦY QUYỀN
A11: BOD-004 | B11: 2 | C11: Ngoại lệ | D11: Luồng chính | E11: Duyệt ngoại lệ toàn đơn (preload) | F11: Đặt hàng / xuất kho được dù chưa thu
A12: BOD-005 | B12: 2 | C12: Ngoại lệ | D12: Luồng chính | E12: Duyệt ngoại lệ 1 đợt | F12: Chỉ mở khóa giai đoạn của đợt đó
A13: BOD-006 | B13: 2 | C13: Ngoại lệ | D13: Luồng chính | E13: Ủy quyền cho người khác duyệt ngoại lệ, sau đó thu hồi | F13: Người được ủy quyền nhận thông báo, duyệt được; sau thu hồi thì không duyệt được
A14: BOD-007 | B14: 2 | C14: Ngoại lệ | D14: Phát sinh | E14: Người không phải BOD bấm ủy quyền | F14: Bị chặn "Chỉ BOD mới có quyền ủy quyền…"
A15: BƯỚC 3: MỞ LẠI P&L ĐÃ DUYỆT
A16: BOD-008 | B16: 3 | C16: Mở lại P&L | D16: Luồng chính | E16: Duyệt yêu cầu mở lại P&L | F16: P&L mở cho Sales sửa
A17: BOD-009 | B17: 3 | C17: Mở lại P&L | D17: Luồng chính | E17: Từ chối yêu cầu mở lại | F17: P&L giữ khóa, Sales nhận lý do
A18: BƯỚC 4: DUYỆT VIỆC MARKETING / CƠ HỘI
A19: BOD-010 | B19: 4 | C19: Marketing / cơ hội | D19: Luồng chính | E19: Xác nhận hoạt động trình bày giải pháp | F19: Sales hoàn thành được hoạt động
A20: BOD-011 | B20: 4 | C20: Marketing / cơ hội | D20: Luồng chính | E20: Duyệt / từ chối quà tặng của cơ hội | F20: Duyệt: Marketing nhận việc. Từ chối: Sales nhận lý do
A21: BOD-012 | B21: 4 | C21: Marketing / cơ hội | D21: Luồng chính | E21: Duyệt ngân sách sự kiện sau Order Management duyệt cấp 1 | F21: Sự kiện Đã duyệt
A22: BOD-013 | B22: 4 | C22: Marketing / cơ hội | D22: Luồng chính | E22: Duyệt vật phẩm mới, chi phí, đi công tác | F22: Đúng như sheet Marketing
A23: BƯỚC 5: DASHBOARD & BÁO CÁO
A24: BOD-014 | B24: 5 | C24: Dashboard | D24: Luồng chính | E24: Dashboard: lọc kỳ / phòng / nhân viên, drill-down | F24: Số liệu khớp danh sách gốc
A25: BOD-015 | B25: 5 | C25: Dashboard | D25: Luồng chính | E25: Dashboard hoạt động kinh doanh: làm mới, xuất file | F25: Chạy được, file đúng
A26: BOD-016 | B26: 5 | C26: Báo cáo | D26: Luồng chính | E26: Báo cáo bán hàng / margin, mua hàng, tần suất gặp, dự án | F26: Số liệu khớp
A27: BOD-017 | B27: 5 | C27: Báo cáo | D27: Phát sinh | E27: Chọn kỳ không có dữ liệu | F27: Hiển thị 0 / trống, không lỗi
A28: BƯỚC 6: TỔNG DOANH SỐ
A29: BOD-018 | B29: 6 | C29: Tổng doanh số | D29: Luồng chính | E29: BOD xóa 1 dòng tổng doanh số | F29: Xóa được; tài khoản khác bị chặn

Sheet 5. Admin duyệt đơn
A1: CHECKLIST NGHIỆM THU – ADMIN KIỂM SOÁT ĐƠN HÀNG – DUYỆT YÊU CẦU ĐẶT HÀNG & ĐỀ XUẤT XUẤT KHO
A2: Tài khoản test: Admin (người duyệt); Sales Staff; Finance Team; Nhân viên kho. Lưu ý quyền theo code: duyệt yêu cầu đặt hàng = Admin, Order Management, Quản trị viên, BOD, PO Manager, Sales Manager; duyệt xuất kho = Quản trị viên, Admin, PO Manager hoặc vai trò có quyền approve_exports (Order Management đang có quyền này nên duyệt xuất kho được).
A3: Admin là chốt kiểm tra hồ sơ ở hai khâu. Khâu đặt hàng: trước khi PO Team đặt Hãng, Admin xác nhận đơn đã duyệt P&L và đủ giấy tờ (hợp đồng / PO khách, BOM, thông tin End User…). Khâu xuất hàng: trước khi Kho giao, Admin xác nhận hàng đã đủ, khách đã thanh toán đúng điều kiện và giấy tờ giao hàng đã sẵn sàng. Thiếu gì thì trả về cho Sales kèm lý do cụ thể. → Workflow từng bước (ai làm, vào menu nào, kết quả) xem ở sheet "Workflow". Cột "Bước" dưới đây khớp số bước trong Workflow.
A5: Mã TC | B5: Bước | C5: Chức năng | D5: Loại | E5: Tình huống / Thao tác | F5: Kết quả mong đợi | G5: Người test | H5: Ngày test | I5: Kết quả | J5: Kết quả thực tế / Mô tả lỗi (bắt buộc khi Không đạt / Bị chặn) | K5: Mức độ lỗi | L5: Bằng chứng (ảnh, mã chứng từ, tài khoản) | M5: Dev phản hồi | N5: Trạng thái xử lý | O5: Ghi chú
A6: BƯỚC 1: NHẬN YÊU CẦU ĐẶT HÀNG
A7: OAD-001 | B7: 1 | C7: Nhận yêu cầu | D7: Luồng chính | E7: Sales gửi yêu cầu đặt hàng | F7: Admin nhận thông báo, badge tăng, yêu cầu ở "Chờ Admin duyệt"
A8: BƯỚC 2: KIỂM TRA HỒ SƠ ĐẶT HÀNG
A9: OAD-002 | B9: 2 | C9: Kiểm tra hồ sơ | D9: Luồng chính | E9: Mở yêu cầu: xem P&L, file đính kèm, các dòng hàng, End User, POS-ID | F9: Đủ thông tin để kiểm; xem trước / tải file được
A10: BƯỚC 3: DUYỆT / TRẢ VỀ YÊU CẦU ĐẶT HÀNG
A11: OAD-003 | B11: 3 | C11: Duyệt đặt hàng | D11: Luồng chính | E11: Hồ sơ đủ → Duyệt | F11: "Đã gửi"; Sales nhận "đã được Admin duyệt"; PO Team thấy ở Duyệt yêu cầu (PR)
A12: OAD-004 | B12: 3 | C12: Duyệt đặt hàng | D12: Phát sinh | E12: Thiếu file hợp đồng / PO khách → trả về Thiếu thông tin kèm lý do | F12: Sales nhận lý do, mở đúng yêu cầu để bổ sung, gửi lại → về Chờ Admin duyệt
A13: OAD-005 | B13: 3 | C13: Duyệt đặt hàng | D13: Phát sinh | E13: Giá vốn / chi phí sai → trả về chỉnh P&L | F13: P&L "Cần sửa"; sau khi sửa phải qua Legal và BOD lại
A14: OAD-006 | B14: 3 | C14: Duyệt đặt hàng | D14: Phát sinh | E14: Trả về mà không nhập lý do | F14: Bị chặn (bắt buộc lý do)
A15: OAD-007 | B15: 3 | C15: Duyệt đặt hàng | D15: Phát sinh | E15: Duyệt yêu cầu không ở Chờ Admin duyệt | F15: Bị chặn "Yêu cầu không ở trạng thái Chờ Admin duyệt."
A16: OAD-008 | B16: 3 | C16: Duyệt đặt hàng | D16: Phát sinh | E16: Tài khoản Sales Staff bấm duyệt yêu cầu đặt hàng | F16: Bị chặn "Bạn không có quyền…"
A17: OAD-009 | B17: 3 | C17: Duyệt đặt hàng | D17: Phát sinh | E17: Sales bổ sung rồi gửi lại | F17: Lịch sử ghi lần trả về và lần gửi lại
A18: BƯỚC 4: NHẬN ĐỀ XUẤT XUẤT KHO
A19: OAD-010 | B19: 4 | C19: Nhận đề xuất xuất | D19: Luồng chính | E19: Sales gửi đề xuất xuất kho | F19: Admin nhận "Đề xuất xuất kho mới"; Kho nhận thông báo chuẩn bị hàng
A20: OAD-011 | B20: 4 | C20: Nhận đề xuất xuất | D20: Phát sinh | E20: Hàng runrate mà Sales chỉ giữ thiếu suất, gửi đề xuất | F20: Không gửi được, báo "… chỉ đang giữ x/y"
A21: BƯỚC 5: KIỂM TRA ĐIỀU KIỆN XUẤT HÀNG
A22: OAD-012 | B22: 5 | C22: Kiểm tra xuất | D22: Luồng chính | E22: Mở phiếu xuất: xem SO, dòng xuất, số lượng, tình trạng thanh toán, hóa đơn | F22: Đủ thông tin để kiểm
A23: BƯỚC 6: DUYỆT / TỪ CHỐI XUẤT KHO
A24: OAD-013 | B24: 6 | C24: Duyệt xuất kho | D24: Luồng chính | E24: Duyệt phiếu khi đơn chưa có HĐ chính thức | F24: "Chờ KT xuất hóa đơn", Kế toán nhận thông báo
A25: OAD-014 | B25: 6 | C25: Duyệt xuất kho | D25: Luồng chính | E25: Duyệt phiếu khi đơn đã có HĐ chính thức | F25: Sẵn sàng xuất thực tế, Kho nhận thông báo
A26: OAD-015 | B26: 6 | C26: Duyệt xuất kho | D26: Phát sinh | E26: Đợt "trước xuất hàng" chưa được Kế toán xác nhận, bấm duyệt | F26: Bị chặn, liệt kê đợt còn thiếu
A27: OAD-016 | B27: 6 | C27: Duyệt xuất kho | D27: Phát sinh | E27: Đơn có ngoại lệ BOD cho xuất trước | F27: Duyệt được
A28: OAD-017 | B28: 6 | C28: Duyệt xuất kho | D28: Phát sinh | E28: Từ chối kèm lý do | F28: Phiếu về Bản nháp, Sales nhận lý do, sửa gửi lại được
A29: OAD-018 | B29: 6 | C29: Duyệt xuất kho | D29: Phát sinh | E29: Duyệt phiếu không ở Chờ Admin duyệt | F29: Bị chặn
A30: OAD-019 | B30: 6 | C30: Duyệt xuất kho | D30: Phát sinh | E30: Tài khoản không có quyền duyệt xuất (không phải Quản trị viên / Admin / PO Manager, không có quyền approve_exports, vd Sales Staff) | F30: Bị chặn
A31: OAD-020 | B31: 6 | C31: Duyệt xuất kho | D31: Luồng chính | E31: Tài khoản Order Management duyệt đề xuất xuất kho | F31: Duyệt được (vai trò này có quyền approve_exports)

Sheet 6. Order Management
A1: CHECKLIST NGHIỆM THU – ORDER MANAGEMENT – QUẢN LÝ ĐƠN HÀNG & ĐIỀU PHỐI PO TEAM
A2: Tài khoản test: Order Management; Sales Staff; PO Staff; Finance Team; Marketing. Cần chạy migration 2026_10_26_100000 trên server trước khi test sheet này
A3: Order Management (chị Bích) kiểm soát đơn hàng từ lúc Sales xin đặt hàng đến lúc xuất hàng, đồng thời điều phối PO Team. Vai trò này duyệt yêu cầu đặt hàng như Admin, tiếp nhận yêu cầu để PO Team gom đơn đặt Hãng, duyệt PO, duyệt đề xuất xuất kho và duyệt ngân sách Marketing cấp 1. Order Management xem được toàn bộ báo giá và đơn hàng của công ty. → Workflow từng bước (ai làm, vào menu nào, kết quả) xem ở sheet "Workflow". Cột "Bước" dưới đây khớp số bước trong Workflow.
A5: Mã TC | B5: Bước | C5: Chức năng | D5: Loại | E5: Tình huống / Thao tác | F5: Kết quả mong đợi | G5: Người test | H5: Ngày test | I5: Kết quả | J5: Kết quả thực tế / Mô tả lỗi (bắt buộc khi Không đạt / Bị chặn) | K5: Mức độ lỗi | L5: Bằng chứng (ảnh, mã chứng từ, tài khoản) | M5: Dev phản hồi | N5: Trạng thái xử lý | O5: Ghi chú
A6: BƯỚC 1: THEO DÕI TOÀN BỘ ĐƠN HÀNG
A7: OM-001 | B7: 1 | C7: Phạm vi xem | D7: Luồng chính | E7: Đăng nhập Order Management, mở Đơn hàng bán và Báo giá | F7: Thấy toàn bộ đơn / báo giá của công ty
A8: OM-002 | B8: 1 | C8: Phạm vi xem | D8: Luồng chính | E8: Kiểm menu Mua hàng | F8: Có Bảng giá, Duyệt yêu cầu (PR), Gom đơn cần đặt, Đơn hàng (Không PNL), Đặt hàng với hãng (PO), Báo cáo mua hàng; badge đếm đúng
A9: BƯỚC 2: DUYỆT YÊU CẦU ĐẶT HÀNG
A10: OM-003 | B10: 2 | C10: Duyệt đặt hàng | D10: Luồng chính | E10: Sales gửi yêu cầu đặt hàng | F10: Order Management nhận thông báo (cùng Admin, PO Manager)
A11: OM-004 | B11: 2 | C11: Duyệt đặt hàng | D11: Luồng chính | E11: Duyệt yêu cầu "Chờ Admin duyệt" từ màn Duyệt yêu cầu (PR) | F11: "Đã gửi", Sales nhận "đã được Admin duyệt"
A12: OM-005 | B12: 2 | C12: Duyệt đặt hàng | D12: Luồng chính | E12: Duyệt yêu cầu "Chờ Admin duyệt" từ màn chi tiết SO | F12: Có nút duyệt, kết quả như trên
A13: OM-006 | B13: 2 | C13: Duyệt đặt hàng | D13: Phát sinh | E13: Trả về Thiếu thông tin / trả về sửa P&L kèm lý do | F13: Sales nhận lý do; trả về P&L thì P&L mở lại
A14: OM-007 | B14: 2 | C14: Duyệt đặt hàng | D14: Phát sinh | E14: Sửa yêu cầu đặt hàng đã gửi (không ở nháp / thiếu thông tin) | F14: Sửa được (quyền quản lý), có lịch sử
A15: BƯỚC 3: TIẾP NHẬN YÊU CẦU CHO PO TEAM
A16: OM-008 | B16: 3 | C16: Tiếp nhận PR | D16: Luồng chính | E16: Tiếp nhận yêu cầu "Đã gửi" | F16: "Đang xử lý", dòng xuất hiện ở Gom đơn cần đặt
A17: OM-009 | B17: 3 | C17: Tiếp nhận PR | D17: Phát sinh | E17: Trả về khi tiếp nhận kèm lý do | F17: Sales nhận lý do, yêu cầu về "Thiếu thông tin"
A18: OM-010 | B18: 3 | C18: Tiếp nhận PR | D18: Luồng chính | E18: Sửa thông tin End User tại Duyệt yêu cầu (PR) | F18: Lưu được, đồng bộ về SO
A19: BƯỚC 4: GOM ĐƠN & ĐIỀU PHỐI PO TEAM
A20: OM-011 | B20: 4 | C20: Gom đơn | D20: Luồng chính | E20: Mở Gom đơn cần đặt, tạo PO nháp từ các dòng chờ | F20: Tạo được
A21: OM-012 | B21: 4 | C21: Gom đơn | D21: Luồng chính | E21: Tạo đơn nhanh ở Đơn hàng (Không PNL) | F21: Tạo được, dòng vào danh sách cần đặt
A22: BƯỚC 5: DUYỆT PO
A23: OM-013 | B23: 5 | C23: Duyệt PO | D23: Luồng chính | E23: PO Staff gửi duyệt PO → Order Management duyệt | F23: PO "Đã đặt", Sales nhận thông báo
A24: OM-014 | B24: 5 | C24: Duyệt PO | D24: Phát sinh | E24: Từ chối PO kèm lý do | F24: Người tạo nhận "PO … đã bị từ chối"
A25: OM-015 | B25: 5 | C25: Duyệt PO | D25: Luồng chính | E25: Hold / gỡ Hold PO | F25: Sales nhận thông báo kèm lý do
A26: BƯỚC 6: DUYỆT ĐỀ XUẤT XUẤT KHO
A27: OM-016 | B27: 6 | C27: Duyệt xuất kho | D27: Luồng chính | E27: Duyệt đề xuất xuất kho từ Kho hàng › Xuất kho | F27: Kết quả như sheet Admin duyệt đơn
A28: OM-017 | B28: 6 | C28: Duyệt xuất kho | D28: Luồng chính | E28: Mở SO có phiếu xuất "Chờ Admin duyệt" | F28: Có nút duyệt / từ chối ngay trên SO
A29: OM-018 | B29: 6 | C29: Duyệt xuất kho | D29: Phát sinh | E29: Đợt "trước xuất hàng" chưa được Kế toán xác nhận, bấm duyệt | F29: Bị chặn, liệt kê đợt còn thiếu
A30: BƯỚC 7: DUYỆT NGÂN SÁCH MARKETING CẤP 1
A31: OM-019 | B31: 7 | C31: Ngân sách MKT | D31: Luồng chính | E31: Marketing gửi duyệt sự kiện → Order Management duyệt cấp 1 | F31: Chuyển BOD duyệt cấp 2, BOD nhận thông báo
A32: OM-020 | B32: 7 | C32: Ngân sách MKT | D32: Phát sinh | E32: Từ chối kèm lý do | F32: Marketing nhận lý do, sửa và gửi lại được
A33: BƯỚC 8: BẢNG GIÁ NCC & BÁO CÁO
A34: OM-021 | B34: 8 | C34: Bảng giá & báo cáo | D34: Luồng chính | E34: Mở Báo cáo mua hàng, xuất Excel | F34: Số liệu khớp PO, file mở được
A35: OM-022 | B35: 8 | C35: Bảng giá & báo cáo | D35: Luồng chính | E35: Sửa nhà cung cấp, bảng giá NCC | F35: Lưu được
A36: OM-023 | B36: 8 | C36: Phân quyền | D36: Phát sinh | E36: Mở trang Vai trò, Quyền, Cài đặt | F36: Không có quyền / bị chặn

Sheet 7. Mua hàng
A1: CHECKLIST NGHIỆM THU – PHÒNG MUA HÀNG (PO TEAM)
A2: Tài khoản test: PO Staff (thao tác), PO Manager (duyệt PO), Admin (xóa PO, duyệt yêu cầu đặt hàng)
A3: Mua hàng biến yêu cầu đặt hàng của Sales thành đơn đặt Hãng / NCC (PO), theo dõi hàng trên đường về và xác nhận hàng đã nhận. Một PO có thể gom hàng của nhiều SO cùng Hãng. Khi PO nhận hàng, hệ thống tự tạo phiếu nhập kho cho Kho. → Workflow từng bước (ai làm, vào menu nào, kết quả) xem ở sheet "Workflow". Cột "Bước" dưới đây khớp số bước trong Workflow.
A5: Mã TC | B5: Bước | C5: Chức năng | D5: Loại | E5: Tình huống / Thao tác | F5: Kết quả mong đợi | G5: Người test | H5: Ngày test | I5: Kết quả | J5: Kết quả thực tế / Mô tả lỗi (bắt buộc khi Không đạt / Bị chặn) | K5: Mức độ lỗi | L5: Bằng chứng (ảnh, mã chứng từ, tài khoản) | M5: Dev phản hồi | N5: Trạng thái xử lý | O5: Ghi chú
A6: BƯỚC 1: NHÀ CUNG CẤP & BẢNG GIÁ NCC
A7: PUR-001 | B7: 1 | C7: Nhà cung cấp | D7: Luồng chính | E7: Tạo NCC đủ thông tin; cấu hình mẫu PO riêng | F7: Lưu thành công, mẫu PO áp dụng khi in PO của NCC này
A8: PUR-002 | B8: 1 | C8: Bảng giá NCC | D8: Luồng chính | E8: Import bảng giá Excel (Fortinet / Zyxel / QNAP / SonicWall / Perle) | F8: Tự nhận sheet, cột SKU, cột giá
A9: PUR-003 | B9: 1 | C9: Bảng giá NCC | D9: Luồng chính | E9: Xem trước và áp giá vào sản phẩm; cấu hình chiết khấu | F9: Báo số sản phẩm tạo mới / cập nhật
A10: PUR-004 | B10: 1 | C10: Nhà cung cấp | D10: Phát sinh | E10: Mã NCC trùng; thiếu email / chức vụ người liên hệ | F10: Báo "Mã nhà cung cấp này đã tồn tại" / báo bắt buộc
A11: PUR-005 | B11: 1 | C11: Nhà cung cấp | D11: Phát sinh | E11: Xóa NCC đã có báo giá / đơn đặt hàng / phiếu nhập | F11: Bị chặn, nêu rõ lý do
A12: PUR-006 | B12: 1 | C12: Bảng giá NCC | D12: Phát sinh | E12: File bảng giá trống / chỉ có tiêu đề / không có cột SKU hoặc cột giá | F12: Báo lỗi rõ, không import nửa chừng
A13: PUR-007 | B13: 1 | C13: Bảng giá NCC | D13: Phát sinh | E13: Chiết khấu < 0 hoặc > 100 | F13: Bị chặn
A14: PUR-008 | B14: 1 | C14: Bảng giá NCC | D14: Phát sinh | E14: Tắt bảng giá | F14: Không còn xuất hiện khi tra giá lúc báo giá
A15: BƯỚC 2: TIẾP NHẬN YÊU CẦU ĐẶT HÀNG
A16: PUR-009 | B16: 2 | C16: Tiếp nhận yêu cầu | D16: Luồng chính | E16: Duyệt yêu cầu đặt hàng đủ thông tin | F16: "Đang xử lý", dòng vào Gom đơn cần đặt
A17: PUR-010 | B17: 2 | C17: Tiếp nhận yêu cầu | D17: Phát sinh | E17: Trả yêu cầu thiếu thông tin kèm lý do | F17: "Thiếu thông tin", Sales nhận lý do
A18: PUR-011 | B18: 2 | C18: Tiếp nhận yêu cầu | D18: Phát sinh | E18: Trả đơn về Sales để chỉnh P&L | F18: SO mở lại P&L, ghi nhật ký
A19: PUR-012 | B19: 2 | C19: Tiếp nhận yêu cầu | D19: Phát sinh | E19: Sales sửa thông tin EU tại bước đặt hàng | F19: Bị chặn, chỉ PO Team được sửa
A20: BƯỚC 3: GOM ĐƠN, TẠO PO NHÁP
A21: PUR-013 | B21: 3 | C21: Gom đơn | D21: Luồng chính | E21: Mở Gom đơn cần đặt | F21: Đúng các dòng từ yêu cầu đã duyệt, kèm SO, Sales, số lượng còn cần đặt
A22: PUR-014 | B22: 3 | C22: Gom đơn | D22: Luồng chính | E22: Tạo PO nháp; gộp 2+ PO nháp cùng Hãng | F22: Các dòng về chung 1 PO
A23: PUR-015 | B23: 3 | C23: Gom đơn | D23: Luồng chính | E23: Sinh mã PO tự động, sửa mã thủ công | F23: Kiểm tra trùng mã
A24: PUR-016 | B24: 3 | C24: Gom đơn | D24: Phát sinh | E24: Gộp PO nháp khác Hãng hoặc chỉ chọn 1 PO | F24: Bị chặn
A25: PUR-017 | B25: 3 | C25: Gom đơn | D25: Phát sinh | E25: Đặt số lượng lớn hơn số còn cần đặt | F25: Bị chặn
A26: PUR-018 | B26: 3 | C26: Gom đơn | D26: Phát sinh | E26: Hủy 1 sản phẩm ở bước gom đơn kèm lý do; khôi phục lại | F26: Sales nhận thông báo, P&L mở lại; khôi phục được dòng đã hủy
A27: PUR-019 | B27: 3 | C27: Gom đơn | D27: Phát sinh | E27: Thông báo cho Sales về 1 sản phẩm (hết hàng, đổi model) | F27: Sales nhận thông báo
A28: BƯỚC 4: XÁC NHẬN & DUYỆT PO
A29: PUR-020 | B29: 4 | C29: Duyệt PO | D29: Luồng chính | E29: Xác nhận PO nháp → gửi duyệt → PO Manager duyệt | F29: "Đã đặt", Sales các SO liên quan nhận thông báo
A30: PUR-021 | B30: 4 | C30: Duyệt PO | D30: Luồng chính | E30: Xem trước / in / xuất Excel PO | F30: Đúng mẫu công ty và mẫu riêng NCC
A31: PUR-022 | B31: 4 | C31: Duyệt PO | D31: Phát sinh | E31: SO có đợt "trước đặt hàng" chưa được KT xác nhận, xác nhận PO nháp | F31: Bị chặn, liệt kê đợt còn thiếu
A32: PUR-023 | B32: 4 | C32: Duyệt PO | D32: Phát sinh | E32: PO Manager từ chối PO | F32: Người tạo nhận "PO … đã bị từ chối", sửa và gửi duyệt lại
A33: PUR-024 | B33: 4 | C33: Duyệt PO | D33: Phát sinh | E33: Sửa PO không ở trạng thái nháp, hoặc đã hoàn thành / hủy | F33: Bị chặn
A34: PUR-025 | B34: 4 | C34: Duyệt PO | D34: Phát sinh | E34: PO không gắn SO → liên kết thủ công với SO | F34: SO hiển thị tiến độ đặt hàng
A35: BƯỚC 5: GỬI HÃNG, THEO DÕI HÀNG VỀ
A36: PUR-026 | B36: 5 | C36: Gửi Hãng & theo dõi | D36: Luồng chính | E36: Gửi PO qua email cho NCC | F36: Email đến đúng địa chỉ, kèm file PO
A37: PUR-027 | B37: 5 | C37: Gửi Hãng & theo dõi | D37: Luồng chính | E37: NCC xác nhận → cập nhật ETD, ETA, vận đơn | F37: Sales thấy "Hãng đang sản xuất (ETD …)" / "Đang vận chuyển về VN (ETA …)"
A38: PUR-028 | B38: 5 | C38: Gửi Hãng & theo dõi | D38: Luồng chính | E38: Chuyển PO sang "Đang về" | F38: Toàn bộ / từng dòng đổi trạng thái
A39: PUR-029 | B39: 5 | C39: Gửi Hãng & theo dõi | D39: Luồng chính | E39: Upload license cho dòng license | F39: Sales nhận thông báo, xem / tải được
A40: PUR-030 | B40: 5 | C40: Gửi Hãng & theo dõi | D40: Phát sinh | E40: Hold PO kèm lý do; gỡ Hold | F40: Sales nhận thông báo; gỡ Hold thì tiếp tục xử lý
A41: PUR-031 | B41: 5 | C41: Gửi Hãng & theo dõi | D41: Phát sinh | E41: Cập nhật tracking cho PO đã hoàn thành / đã hủy | F41: Bị chặn
A42: PUR-032 | B42: 5 | C42: Gửi Hãng & theo dõi | D42: Phát sinh | E42: Trả PO về Gom đơn (khi chưa Đang về); thử với PO đã Đang về | F42: Dòng quay lại Gom đơn; PO đã Đang về: bị chặn
A43: PUR-033 | B43: 5 | C43: Gửi Hãng & theo dõi | D43: Phát sinh | E43: Hủy PO kèm lý do | F43: Yêu cầu đặt hàng của Sales về "Thiếu thông tin", P&L mở lại nếu chọn
A44: PUR-034 | B44: 5 | C44: Gửi Hãng & theo dõi | D44: Phát sinh | E44: Xóa PO bằng tài khoản không phải Admin; Admin xóa | F44: Không phải Admin: bị chặn. Admin: xóa kèm phiếu nhập, tồn kho, phiếu xuất liên quan (kiểm tra tồn sau xóa)
A45: BƯỚC 6: NHẬN HÀNG, NHẬP S/N
A46: PUR-035 | B46: 6 | C46: Nhận hàng | D46: Luồng chính | E46: Nhận một phần | F46: PO "Đang về (một phần)", phiếu nhập tự sinh cho phần đã nhận, Sales thấy "Đã nhập kho một phần (x/y)"
A47: PUR-036 | B47: 6 | C47: Nhận hàng | D47: Luồng chính | E47: Nhận đủ / Nhận tất cả | F47: "Đã về – đủ hàng", Sales nhận thông báo đủ hàng
A48: PUR-037 | B48: 6 | C48: Nhận hàng | D48: Luồng chính | E48: Import S/N cho 1 PO và nhiều PO; nhập S/N thủ công | F48: S/N gắn đúng dòng PO
A49: PUR-038 | B49: 6 | C49: Nhận hàng | D49: Phát sinh | E49: Nhận số lượng vượt số còn lại | F49: Bị chặn
A50: PUR-039 | B50: 6 | C50: Nhận hàng | D50: Phát sinh | E50: File S/N không khớp mã PO / Part Number; file trống | F50: Báo rõ không tìm thấy dòng phù hợp / file không có dữ liệu
A51: PUR-040 | B51: 6 | C51: Nhận hàng | D51: Phát sinh | E51: S/N trùng với S/N đã có trong kho | F51: Cảnh báo trùng
A52: PUR-041 | B52: 6 | C52: Nhận hàng | D52: Phát sinh | E52: Ngày trong file sai định dạng | F52: Báo "Không thể parse ngày"
A53: PUR-042 | B53: 6 | C53: Nhận hàng | D53: Phát sinh | E53: Sửa đơn giá dòng PO sau khi đã nhập kho | F53: Giá trị tồn kho cập nhật đúng quy định
A54: BƯỚC 7: BÁO CÁO MUA HÀNG
A55: PUR-043 | B55: 7 | C55: Báo cáo mua hàng | D55: Luồng chính | E55: Mở Báo cáo mua hàng, lọc theo NCC / kỳ, xuất Excel | F55: Số liệu khớp các PO trong kỳ, file mở được

Sheet 8. Kho
A1: CHECKLIST NGHIỆM THU – KHO
A2: Tài khoản test: Nhân viên kho (thao tác), Quản lý kho (duyệt), Admin (duyệt đề xuất xuất kho, sửa Số PO phiếu nhập)
A3: Kho giữ số liệu tồn thật: mọi thiết bị theo dõi theo kho, Số PO và S/N. Phiếu nhập sinh từ PO của Mua hàng, phiếu xuất sinh từ đề xuất của Sales. Việc của Kho là kiểm hàng, ghi đúng S/N và bấm duyệt — chỉ khi Kho duyệt thì tồn mới tăng / giảm. Kho runrate là kho hàng có sẵn, Sales được xin giữ trước. → Workflow từng bước (ai làm, vào menu nào, kết quả) xem ở sheet "Workflow". Cột "Bước" dưới đây khớp số bước trong Workflow.
A5: Mã TC | B5: Bước | C5: Chức năng | D5: Loại | E5: Tình huống / Thao tác | F5: Kết quả mong đợi | G5: Người test | H5: Ngày test | I5: Kết quả | J5: Kết quả thực tế / Mô tả lỗi (bắt buộc khi Không đạt / Bị chặn) | K5: Mức độ lỗi | L5: Bằng chứng (ảnh, mã chứng từ, tài khoản) | M5: Dev phản hồi | N5: Trạng thái xử lý | O5: Ghi chú
A6: BƯỚC 1: THIẾT LẬP KHO & TỒN ĐẦU KỲ
A7: WH-001 | B7: 1 | C7: Thiết lập kho | D7: Luồng chính | E7: Tạo kho mới, đánh dấu Kho runrate | F7: Kho xuất hiện ở mọi dropdown chọn kho
A8: WH-002 | B8: 1 | C8: Thiết lập kho | D8: Luồng chính | E8: Import tồn kho từ Excel | F8: Báo số sản phẩm đã nhập, tồn đúng
A9: WH-003 | B9: 1 | C9: Thiết lập kho | D9: Phát sinh | E9: File có dòng thiếu mã kho / mã kho không tồn tại / mã SP không tồn tại / ngày sai / S/N trống hoặc trùng | F9: Báo lỗi theo "Dòng N: …", không nhập dòng lỗi
A10: WH-004 | B10: 1 | C10: Thiết lập kho | D10: Phát sinh | E10: File trống / chỉ có tiêu đề | F10: Báo lỗi
A11: WH-005 | B11: 1 | C11: Thiết lập kho | D11: Phát sinh | E11: Xóa kho đang có hàng | F11: Bị chặn "Không thể xóa kho đang có hàng tồn kho"
A12: BƯỚC 2: NHẬP KHO
A13: WH-006 | B13: 2 | C13: Nhập kho | D13: Luồng chính | E13: PO được nhận hàng → mở phiếu nhập tự sinh | F13: Phiếu "Chờ xử lý" ghi chú tự tạo từ PO; dòng dịch vụ không vào phiếu
A14: WH-007 | B14: 2 | C14: Nhập kho | D14: Luồng chính | E14: Nhập S/N (mỗi dòng 1 S/N hoặc dấu phẩy), duyệt | F14: Hàng vào tồn đúng kho, đúng Số PO
A15: WH-008 | B15: 2 | C15: Nhập kho | D15: Luồng chính | E15: Tạo phiếu nhập tay (hàng mượn, trả lại) → duyệt | F15: Tồn tăng
A16: WH-009 | B16: 2 | C16: Nhập kho | D16: Luồng chính | E16: In phiếu nhập, xuất MISA 1 phiếu / nhiều phiếu | F16: File đúng định dạng
A17: WH-010 | B17: 2 | C17: Nhập kho | D17: Phát sinh | E17: Sản phẩm trên PO chưa có trong danh mục | F17: Tạo nhanh sản phẩm ngay trên phiếu nhập
A18: WH-011 | B18: 2 | C18: Nhập kho | D18: Phát sinh | E18: Nhập S/N đã tồn tại trong hệ thống | F18: Báo "Một hoặc nhiều Serial đã tồn tại…"
A19: WH-012 | B19: 2 | C19: Nhập kho | D19: Phát sinh | E19: Duyệt lại phiếu đã hoàn thành | F19: Báo đã duyệt trước đó, tồn không cộng 2 lần
A20: WH-013 | B20: 2 | C20: Nhập kho | D20: Phát sinh | E20: Từ chối phiếu nhập | F20: Người tạo nhận "Phiếu nhập đã bị từ chối", tồn không đổi
A21: WH-014 | B21: 2 | C21: Nhập kho | D21: Phát sinh | E21: Sửa / xóa phiếu đã hoàn thành; xóa phiếu chờ xử lý / bị từ chối | F21: Hoàn thành: bị chặn. Chờ xử lý / từ chối: xóa được
A22: WH-015 | B22: 2 | C22: Nhập kho | D22: Phát sinh | E22: Sửa Số PO phiếu nhập bằng tài khoản không phải Admin; Admin sửa | F22: Không phải Admin: bị chặn. Admin: tồn gom theo Số PO mới
A23: WH-016 | B23: 2 | C23: Nhập kho | D23: Phát sinh | E23: Nhập kho một phần 2 lần cho cùng PO | F23: 2 phiếu, tổng không vượt số lượng PO
A24: BƯỚC 3: GIỮ HÀNG (KHO RUNRATE)
A25: WH-017 | B25: 3 | C25: Giữ hàng | D25: Luồng chính | E25: Sales tạo yêu cầu giữ hàng theo model, số lượng | F25: Kho nhận "Yêu cầu giữ hàng từ bạn"
A26: WH-018 | B26: 3 | C26: Giữ hàng | D26: Luồng chính | E26: Kho duyệt | F26: Sales nhận thông báo, số giữ không còn trong khả dụng
A27: WH-019 | B27: 3 | C27: Giữ hàng | D27: Luồng chính | E27: Xuất kho đơn có hàng giữ: quét S/N bất kỳ cùng model | F27: Suất giữ chuyển đúng, không bị trừ trùng
A28: WH-020 | B28: 3 | C28: Giữ hàng | D28: Luồng chính | E28: Xem danh sách người đang giữ và lịch sử giữ hàng | F28: Hiển thị đúng
A29: WH-021 | B29: 3 | C29: Giữ hàng | D29: Phát sinh | E29: Giữ số lượng lớn hơn khả dụng | F29: Báo "Không đủ thiết bị khả dụng… (Yêu cầu: x, Khả dụng: y)"
A30: WH-022 | B30: 3 | C30: Giữ hàng | D30: Phát sinh | E30: Chưa cấu hình Kho runrate, tạo / duyệt yêu cầu | F30: Không làm được, thông báo rõ
A31: WH-023 | B31: 3 | C31: Giữ hàng | D31: Phát sinh | E31: Hai Sales cùng giữ 1 model, tổng vượt tồn | F31: Yêu cầu duyệt sau bị chặn
A32: WH-024 | B32: 3 | C32: Giữ hàng | D32: Phát sinh | E32: Từ chối kèm lý do; duyệt yêu cầu không ở trạng thái Chờ duyệt | F32: Sales nhận lý do; duyệt lại: bị chặn
A33: WH-025 | B33: 3 | C33: Giữ hàng | D33: Phát sinh | E33: Item đã bán / hỏng trước khi duyệt | F33: Báo "Item … không còn trong kho"
A34: WH-026 | B34: 3 | C34: Giữ hàng | D34: Phát sinh | E34: Người không có quyền mở lịch sử giữ hàng | F34: Bị chặn
A35: WH-027 | B35: 3 | C35: Giữ hàng | D35: Phát sinh | E35: Mở màn tồn kho sau khi giữ | F35: Tách đúng phần đang giữ, phần khóa CQ, phần khả dụng
A36: BƯỚC 4: XUẤT KHO GIAO KHÁCH
A37: WH-028 | B37: 4 | C37: Xuất kho | D37: Luồng chính | E37: Sales gửi đề xuất xuất kho | F37: Phiếu "Chờ Admin duyệt xuất", Kho nhận thông báo chuẩn bị hàng
A38: WH-029 | B38: 4 | C38: Xuất kho | D38: Luồng chính | E38: Admin duyệt → KT xuất HĐ chính thức | F38: "Chờ KT xuất hóa đơn" → Kho nhận "Đơn hàng sẵn sàng xuất kho"
A39: WH-030 | B39: 4 | C39: Xuất kho | D39: Luồng chính | E39: Chọn kho xuất, quét S/N, duyệt | F39: Phiếu Hoàn thành, tồn trừ đúng S/N, S/N gắn đơn, bắt đầu tính bảo hành
A40: WH-031 | B40: 4 | C40: Xuất kho | D40: Luồng chính | E40: Cập nhật ngày giao hàng | F40: Hạn các đợt "sau giao hàng" tính lại
A41: WH-032 | B41: 4 | C41: Xuất kho | D41: Luồng chính | E41: Xuất một phần | F41: Phần còn lại vẫn còn trên đơn để xuất lần sau
A42: WH-033 | B42: 4 | C42: Xuất kho | D42: Luồng chính | E42: In phiếu xuất, xuất Excel, xuất MISA | F42: File đúng
A43: WH-034 | B43: 4 | C43: Xuất kho | D43: Phát sinh | E43: Duyệt xuất khi KT chưa xuất HĐ chính thức | F43: Bị chặn "Kho không thể xuất hàng: Kế toán chưa xuất hóa đơn…"
A44: WH-035 | B44: 4 | C44: Xuất kho | D44: Phát sinh | E44: Đợt "trước xuất hàng" chưa được KT xác nhận | F44: Bị chặn, liệt kê đợt còn thiếu
A45: WH-036 | B45: 4 | C45: Xuất kho | D45: Phát sinh | E45: Admin từ chối đề xuất kèm lý do | F45: Phiếu về Bản nháp, Sales nhận lý do, gửi lại được
A46: WH-037 | B46: 4 | C46: Xuất kho | D46: Phát sinh | E46: Duyệt phiếu chưa được Admin phê duyệt | F46: Bị chặn
A47: WH-038 | B47: 4 | C47: Xuất kho | D47: Phát sinh | E47: Quét S/N không thuộc model / không còn trong kho / đang bị người khác giữ | F47: Bị chặn
A48: WH-039 | B48: 4 | C48: Xuất kho | D48: Phát sinh | E48: Số S/N quét khác số lượng xuất | F48: Báo không khớp
... A52: WH-043 | B52: 4 | C52: Xuất kho | D52: Phát sinh | E52: SO bị hủy | F52: Phiếu xuất liên quan bị hủy, tồn hoàn lại
A53: BƯỚC 5: CHUYỂN KHO
A54: WH-044 | B54: 5 | C54: Chuyển kho | D54: Luồng chính | E54: Tạo phiếu chuyển A → B, chọn S/N, duyệt | F54: A giảm, B tăng đúng S/N; người liên quan nhận thông báo
A55: WH-045 | B55: 5 | C55: Chuyển kho | D55: Phát sinh | E55: Chuyển vượt tồn kho A, hoặc số lượng không khớp số S/N đã chọn | F55: Bị chặn
A56: WH-046 | B56: 5 | C56: Chuyển kho | D56: Phát sinh | E56: Chuyển hàng đang được giữ | F56: Bị chặn hoặc cảnh báo
A57: WH-047 | B57: 5 | C57: Chuyển kho | D57: Phát sinh | E57: Từ chối phiếu chuyển | F57: Tồn hai kho không đổi
A58: BƯỚC 6: HÀNG HỎNG / THANH LÝ
A59: WH-048 | B59: 6 | C59: Hàng hỏng | D59: Luồng chính | E59: Báo hỏng 1 S/N → duyệt | F59: S/N rời tồn khả dụng
A60: WH-049 | B60: 6 | C60: Hàng hỏng | D60: Phát sinh | E60: Báo hỏng số lượng lớn hơn tồn; item đã bán trước khi duyệt | F60: Bị chặn / báo không còn trong kho
A61: WH-050 | B61: 6 | C61: Hàng hỏng | D61: Phát sinh | E61: Sửa / xóa báo cáo hỏng đã duyệt | F61: Bị chặn
A62: BƯỚC 7: TỒN KHO
A63: WH-051 | B63: 7 | C63: Tồn kho & báo cáo | D63: Luồng chính | E63: Xem tồn theo kho, Số PO, S/N; lọc theo cột | F63: Hiển thị đúng
A64: WH-052 | B64: 7 | C64: Tồn kho & báo cáo | D64: Luồng chính | E64: Xem cảnh báo tồn thấp, hàng sắp hết hạn | F64: Liệt kê đúng sản phẩm
A65: WH-053 | B65: 7 | C65: Tồn kho & báo cáo | D65: Luồng chính | E65: Thêm cột tùy biến, nhập dữ liệu; xóa cột | F65: Hiển thị / nhập được; xóa thì dữ liệu cột được dọn
A66: WH-054 | B66: 7 | C66: Tồn kho & báo cáo | D66: Phát sinh | E66: Tạo cột trùng tên trong cùng tab | F66: Bị chặn
A67: WH-055 | B67: 7 | C67: Tồn kho & báo cáo | D67: Luồng chính | E67: Cập nhật S/N hàng loạt cho lô không S/N | F67: Báo số S/N đã cập nhật
A68: WH-056 | B68: 7 | C68: Tồn kho & báo cáo | D68: Phát sinh | E68: Cập nhật S/N vượt số tồn hoặc trùng | F68: Bị chặn
A69: WH-057 | B69: 7 | C69: Tồn kho & báo cáo | D69: Luồng chính | E69: Xuất Excel danh sách tồn kho | F69: Mở được, số liệu khớp màn hình
A70: WH-058 | B70: 7 | C70: Tồn kho & báo cáo | D70: Luồng chính | E70: Sau 1 phiếu nhập, 1 phiếu xuất, 1 phiếu chuyển, 1 báo hỏng: đối chiếu tồn của sản phẩm đó | F70: Tồn thay đổi đúng bằng số lượng các phiếu đã duyệt

Sheet 9. Kế toán
A1: CHECKLIST NGHIỆM THU – KẾ TOÁN – TÀI CHÍNH
A2: Tài khoản test: Finance Team (thao tác), BOD (xóa dòng tổng doanh số, xem báo cáo tài chính)
A3: Kế toán giữ các "cổng tiền" của đơn hàng: chưa xác nhận đã thu đợt trước đặt hàng thì Mua hàng không chốt được PO; chưa xuất hóa đơn chính thức thì Kho không xuất được hàng. Ngoài ra Kế toán theo dõi công nợ khách hàng và rà soát tổng doanh số theo Hãng. → Workflow từng bước (ai làm, vào menu nào, kết quả) xem ở sheet "Workflow". Cột "Bước" dưới đây khớp số bước trong Workflow.
A5: Mã TC | B5: Bước | C5: Chức năng | D5: Loại | E5: Tình huống / Thao tác | F5: Kết quả mong đợi | G5: Người test | H5: Ngày test | I5: Kết quả | J5: Kết quả thực tế / Mô tả lỗi (bắt buộc khi Không đạt / Bị chặn) | K5: Mức độ lỗi | L5: Bằng chứng (ảnh, mã chứng từ, tài khoản) | M5: Dev phản hồi | N5: Trạng thái xử lý | O5: Ghi chú
A6: BƯỚC 1: THIẾT LẬP TÀI CHÍNH
A7: ACC-001 | B7: 1 | C7: Thiết lập | D7: Luồng chính | E7: Bật / tắt tiền tệ; thử tắt VND | F7: Bật tắt được; VND: bị chặn "Không thể tắt tiền tệ cơ sở"
A8: ACC-002 | B8: 1 | C8: Thiết lập | D8: Luồng chính | E8: Nhập tỷ giá tay và lấy tỷ giá hôm nay | F8: Báo giá / đơn mới dùng đúng tỷ giá ngày
A9: ACC-003 | B9: 1 | C9: Thiết lập | D9: Luồng chính | E9: Tạo mẫu tiến độ thanh toán, bật / tắt, đặt ngưỡng | F9: SO vượt ngưỡng bị áp quy tắc thu trước
A10: BƯỚC 2: XÁC NHẬN THANH TOÁN (UNC)
A11: ACC-004 | B11: 2 | C11: Xác nhận UNC | D11: Luồng chính | E11: Sales upload UNC → KT xác nhận | F11: Đợt "Đã thanh toán", giao dịch thu tự sinh, công nợ giảm
A12: ACC-005 | B12: 2 | C12: Xác nhận UNC | D12: Luồng chính | E12: Xác nhận đợt "trước đặt hàng" / "trước xuất hàng" | F12: PO / xuất kho của đơn được mở khóa, Sales nhận thông báo
A13: ACC-006 | B13: 2 | C13: Xác nhận UNC | D13: Luồng chính | E13: KT ghi nhận thanh toán trực tiếp tại đơn | F13: Kết quả như xác nhận UNC
A14: ACC-007 | B14: 2 | C14: Xác nhận UNC | D14: Phát sinh | E14: Xác nhận khi chưa có UNC | F14: Bị chặn "Bắt buộc phải Upload UNC…"
A15: ACC-008 | B15: 2 | C15: Xác nhận UNC | D15: Phát sinh | E15: UNC sai số tiền → Từ chối kèm lý do | F15: Sales nhận thông báo, công nợ không đổi
A16: ACC-009 | B16: 2 | C16: Xác nhận UNC | D16: Phát sinh | E16: Khách trả thiếu / trả gộp nhiều đợt | F16: Phân bổ đúng, đợt còn thiếu vẫn mở
A17: ACC-010 | B17: 2 | C17: Xác nhận UNC | D17: Phát sinh | E17: Tài khoản không phải KT / Admin xác nhận hoặc từ chối | F17: Bị chặn
A18: ACC-011 | B18: 2 | C18: Xác nhận UNC | D18: Phát sinh | E18: Thanh toán ngoại tệ | F18: Chênh lệch tỷ giá được ghi nhận
A19: BƯỚC 3: XUẤT HÓA ĐƠN
A20: ACC-012 | B20: 3 | C20: Xuất hóa đơn | D20: Luồng chính | E20: Yêu cầu cần HĐ nháp: upload nháp → Sales xác nhận → xuất chính thức | F20: "Đã hoàn tất xuất HĐ", Kho nhận thông báo xuất hàng
A21: ACC-013 | B21: 3 | C21: Xuất hóa đơn | D21: Luồng chính | E21: Yêu cầu xuất trực tiếp: đính kèm HĐ | F21: Hoàn tất ngay, không qua Sales duyệt
A22: ACC-014 | B22: 3 | C22: Xuất hóa đơn | D22: Luồng chính | E22: Xuất HĐ theo nhiều đợt đến khi đủ | F22: Báo "Tất cả các sản phẩm … đã được xuất hóa đơn đầy đủ"
A23: ACC-015 | B23: 3 | C23: Xuất hóa đơn | D23: Phát sinh | E23: Sales báo HĐ nháp sai → KT import lại | F23: Lịch sử giữ cả v1, v2
A24: ACC-016 | B24: 3 | C24: Xuất hóa đơn | D24: Phát sinh | E24: Sales xác nhận HĐ không ở trạng thái chờ kiểm tra | F24: Bị chặn
A25: ACC-017 | B25: 3 | C25: Xuất hóa đơn | D25: Phát sinh | E25: Chuyển trạng thái về "Chưa xuất HĐ" | F25: Ghi nhật ký, đơn quay lại bước chờ
A26: ACC-018 | B26: 3 | C26: Xuất hóa đơn | D26: Phát sinh | E26: Hủy yêu cầu đã xử lý | F26: Bị chặn
A27: ACC-019 | B27: 3 | C27: Xuất hóa đơn | D27: Phát sinh | E27: Người không phải KT / Admin upload HĐ | F27: Bị chặn
A28: BƯỚC 4: THEO DÕI CÔNG NỢ KHÁCH HÀNG
A29: ACC-020 | B29: 4 | C29: Công nợ | D29: Luồng chính | E29: Xem công nợ khách | F29: Chỉ gồm đơn đã duyệt / đang giao / hoàn thành; tổng khớp chi tiết
A30: ACC-021 | B30: 4 | C30: Công nợ | D30: Luồng chính | E30: Báo cáo tuổi nợ khách hàng | F30: Chia đúng nhóm ngày quá hạn
A31: ACC-022 | B31: 4 | C31: Công nợ | D31: Luồng chính | E31: Xuất sao kê công nợ khách theo kỳ | F31: Đúng tiêu đề, MST, kỳ, số dư
A32: ACC-023 | B32: 4 | C32: Công nợ | D32: Phát sinh | E32: Nhập số tiền 0, âm, hoặc lớn hơn công nợ còn lại | F32: Bị chặn
A33: ACC-024 | B33: 4 | C33: Công nợ | D33: Phát sinh | E33: Bỏ trống ngày / phương thức thanh toán | F33: Báo bắt buộc
A34: ACC-025 | B34: 4 | C34: Công nợ | D34: Phát sinh | E34: Ghi thu từ màn công nợ cho đơn có tiến độ thanh toán | F34: Hướng dẫn gửi UNC tại chi tiết đơn
A35: ACC-026 | B35: 4 | C35: Công nợ | D35: Phát sinh | E35: Xóa bản ghi thanh toán | F35: Công nợ tăng lại đúng số tiền
A36: BƯỚC 5: TỔNG DOANH SỐ
A37: ACC-027 | B37: 5 | C37: Tổng doanh số | D37: Luồng chính | E37: Đồng bộ dòng mới từ PO; đồng bộ lại lần 2 | F37: Báo số dòng thêm; lần 2 báo "Không có dòng mới"
A38: ACC-028 | B38: 5 | C38: Tổng doanh số | D38: Phát sinh | E38: Sửa ô không cho phép; xóa dòng bằng tài khoản không phải BOD | F38: Bị chặn

Sheet 10. Kỹ sư KT
A1: CHECKLIST NGHIỆM THU – KỸ SƯ KỸ THUẬT
A2: Tài khoản test: Technical Engineer (2 tài khoản để test bàn giao), Sales Staff (người yêu cầu); các thao tác của Lead xem sheet Tech Lead
A3: Kỹ thuật làm việc qua ticket. Ai cần kỹ sư (Sales cần BOM, demo, triển khai; khách báo lỗi; nhân viên cần IT) đều tạo ticket. Mỗi ticket có hạn SLA tính bằng giờ làm việc; đồng hồ SLA dừng khi có kỹ sư nhận. Loại đơn giản thì kỹ sư tự nhận, loại phức tạp thì Lead phân công. → Workflow từng bước (ai làm, vào menu nào, kết quả) xem ở sheet "Workflow". Cột "Bước" dưới đây khớp số bước trong Workflow.
A5: Mã TC | B5: Bước | C5: Chức năng | D5: Loại | E5: Tình huống / Thao tác | F5: Kết quả mong đợi | G5: Người test | H5: Ngày test | I5: Kết quả | J5: Kết quả thực tế / Mô tả lỗi (bắt buộc khi Không đạt / Bị chặn) | K5: Mức độ lỗi | L5: Bằng chứng (ảnh, mã chứng từ, tài khoản) | M5: Dev phản hồi | N5: Trạng thái xử lý | O5: Ghi chú
A6: BƯỚC 1: TẠO TICKET & SLA
A7: TEC-001 | B7: 1 | C7: Tạo ticket | D7: Luồng chính | E7: Tạo ticket loại tự nhận (BOM, tài liệu, hậu mãi, IT, khác) | F7: Cả team nhận "sẵn sàng pickup"
A8: TEC-002 | B8: 1 | C8: Tạo ticket | D8: Luồng chính | E8: Tạo ticket loại chỉ Lead (khảo sát, triển khai, đào tạo, sự kiện) | F8: Chỉ Lead nhận "cần phân công"
A9: TEC-003 | B9: 1 | C9: Tạo ticket | D9: Luồng chính | E9: Tạo ticket từ dự án | F9: Lead phụ trách nhận thông báo
A10: TEC-004 | B10: 1 | C10: SLA | D10: Luồng chính | E10: Tạo ticket 16:30 thứ Sáu, ưu tiên Cao | F10: Hạn SLA rơi vào sáng thứ Hai (4 giờ làm việc)
A11: TEC-005 | B11: 1 | C11: SLA | D11: Luồng chính | E11: Thêm ngày lễ trong Cài đặt SLA rồi tạo ticket | F11: Ticket mới bỏ qua ngày lễ khi tính hạn
A12: TEC-006 | B12: 1 | C12: Tạo ticket | D12: Phát sinh | E12: Tạo ticket trùng (cùng khách, cùng nội dung) | F12: Cảnh báo trùng
A13: TEC-007 | B13: 1 | C13: Tạo ticket | D13: Phát sinh | E13: Tài khoản không có quyền tạo ticket | F13: Bị chặn
A14: BƯỚC 2: NHẬN / PHÂN CÔNG / BÀN GIAO
A15: TEC-008 | B15: 2 | C15: Nhận / phân công | D15: Luồng chính | E15: Kỹ sư nhận ticket loại tự nhận | F15: Assigned, SLA dừng
A16: TEC-009 | B16: 2 | C16: Nhận / phân công | D16: Phát sinh | E16: Kỹ sư nhận ticket loại chỉ Lead | F16: Bị chặn theo ma trận phân quyền
A17: TEC-010 | B17: 2 | C17: Nhận / phân công | D17: Phát sinh | E17: Kỹ sư phân công cho người khác | F17: Bị chặn
A18: TEC-011 | B18: 2 | C18: Nhận / phân công | D18: Luồng chính | E18: Bàn giao ticket cho kỹ sư khác | F18: Người mới nhận thông báo, lịch sử giữ người cũ
A19: TEC-012 | B19: 2 | C19: Nhận / phân công | D19: Phát sinh | E19: Người không liên quan bàn giao | F19: Bị chặn
A20: BƯỚC 3: XỬ LÝ TICKET
A21: TEC-013 | B21: 3 | C21: Xử lý | D21: Luồng chính | E21: In Progress → Waiting → In Progress → Completed | F21: Lead nhận "Kỹ sư đã hoàn thành… Vui lòng đóng"
A22: TEC-014 | B22: 3 | C22: Xử lý | D22: Luồng chính | E22: Thêm / sửa / xóa nhật ký hỗ trợ | F22: Lưu đúng thời gian, nội dung
A23: TEC-015 | B23: 3 | C23: Xử lý | D23: Phát sinh | E23: Người không phải kỹ sư đang làm / Lead sửa nhật ký | F23: Bị chặn
A24: TEC-016 | B24: 3 | C24: Xử lý | D24: Luồng chính | E24: Trao đổi, upload tài liệu (BOM, slide, hình, cấu hình, biên bản mượn) | F24: Hiển thị trong ticket, tải được
A25: TEC-017 | B25: 3 | C25: Xử lý | D25: Phát sinh | E25: Người chỉ có quyền xem gửi trao đổi / upload | F25: Bị chặn
A26: TEC-018 | B26: 3 | C26: Xử lý | D26: Phát sinh | E26: Upload file không hợp lệ | F26: Báo "Không có tài liệu tải lên nào hợp lệ"
A27: BƯỚC 4: HOÀN THÀNH & ĐÓNG
A28: TEC-019 | B28: 4 | C28: Đóng ticket | D28: Luồng chính | E28: Kỹ sư chuyển Completed; người yêu cầu gửi yêu cầu đóng | F28: Tech Lead nhận thông báo để đóng (bước đóng test ở sheet Tech Lead)
A29: TEC-020 | B29: 4 | C29: Đóng ticket | D29: Phát sinh | E29: Người khác gửi yêu cầu đóng; kỹ sư tự đóng | F29: Bị chặn
A30: TEC-021 | B30: 4 | C30: Đóng ticket | D30: Phát sinh | E30: Ticket gắn cơ hội chưa Completed, Sales đóng cơ hội | F30: Cơ hội không hoàn thành được
A31: BƯỚC 5: TRA CỨU S/N
A32: TEC-022 | B32: 5 | C32: Tra cứu S/N | D32: Luồng chính | E32: Tra S/N đã bán | F32: Hiện khách, SO, ngày xuất, hạn bảo hành, license
A33: TEC-023 | B33: 5 | C33: Tra cứu S/N | D33: Phát sinh | E33: Tra S/N không tồn tại | F33: "Không tìm thấy thiết bị"
A34: TEC-024 | B34: 5 | C34: Tra cứu S/N | D34: Phát sinh | E34: Tài khoản không có quyền tra cứu | F34: Bị chặn

Sheet 11. Tech Lead
A1: CHECKLIST NGHIỆM THU – TECH LEAD (TRƯỞNG NHÓM KỸ THUẬT)
A2: Tài khoản test: Technical Team Lead; 2 Technical Engineer; 1 Technical Engineer đã khóa; Sales Staff (người yêu cầu)
A3: Tech Lead điều phối team kỹ thuật: nhận các ticket chỉ Lead được nhận (khảo sát, triển khai, đào tạo, sự kiện) và ticket từ dự án, phân công kỹ sư, điều chuyển khi kỹ sư bận, đóng ticket sau khi kỹ sư hoàn thành, cấu hình loại ticket kỹ sư được tự nhận và theo dõi SLA. → Workflow từng bước (ai làm, vào menu nào, kết quả) xem ở sheet "Workflow". Cột "Bước" dưới đây khớp số bước trong Workflow.
A5: Mã TC | B5: Bước | C5: Chức năng | D5: Loại | E5: Tình huống / Thao tác | F5: Kết quả mong đợi | G5: Người test | H5: Ngày test | I5: Kết quả | J5: Kết quả thực tế / Mô tả lỗi (bắt buộc khi Không đạt / Bị chặn) | K5: Mức độ lỗi | L5: Bằng chứng (ảnh, mã chứng từ, tài khoản) | M5: Dev phản hồi | N5: Trạng thái xử lý | O5: Ghi chú
A6: BƯỚC 1: NHẬN TICKET CẦN PHÂN CÔNG
A7: TL-001 | B7: 1 | C7: Nhận ticket | D7: Luồng chính | E7: Sales tạo ticket loại khảo sát / triển khai | F7: Chỉ Tech Lead nhận thông báo "cần phân công"
A8: TL-002 | B8: 1 | C8: Nhận ticket | D8: Luồng chính | E8: Tech Lead mở Quản lý Ticket | F8: Thấy toàn bộ ticket của team
A9: BƯỚC 2: PHÂN CÔNG KỸ SƯ
A10: TL-003 | B10: 2 | C10: Phân công | D10: Luồng chính | E10: Phân công 1 kỹ sư | F10: Kỹ sư nhận thông báo, ticket Assigned, SLA dừng
A11: TL-004 | B11: 2 | C11: Phân công | D11: Phát sinh | E11: Phân công cho kỹ sư đã khóa / tài khoản không thuộc team Kỹ thuật | F11: Bị chặn
A12: TL-005 | B12: 2 | C12: Phân công | D12: Phát sinh | E12: Để ticket quá hạn SLA rồi mới phân công | F12: Ticket hiện quá SLA trên báo cáo
A13: BƯỚC 3: THEO DÕI & ĐIỀU CHUYỂN
A14: TL-006 | B14: 3 | C14: Điều chuyển | D14: Luồng chính | E14: Bàn giao ticket từ kỹ sư A sang B | F14: B nhận thông báo, lịch sử giữ A
A15: TL-007 | B15: 3 | C15: Điều chuyển | D15: Luồng chính | E15: Tech Lead cập nhật tiến độ và thêm nhật ký hỗ trợ | F15: Được phép, lưu đúng
A16: BƯỚC 4: ĐÓNG TICKET
A17: TL-008 | B17: 4 | C17: Đóng ticket | D17: Luồng chính | E17: Kỹ sư Completed → Tech Lead Đóng | F17: Closed, người yêu cầu nhận thông báo
A18: TL-009 | B18: 4 | C18: Đóng ticket | D18: Phát sinh | E18: Kỹ sư thử Đóng ticket | F18: Bị chặn "Chỉ Technical Team Lead hoặc Quản trị viên…"
A19: BƯỚC 5: CẤU HÌNH QUYỀN NHẬN & SLA
A20: TL-010 | B20: 5 | C20: Cấu hình | D20: Luồng chính | E20: Cho kỹ sư tự nhận thêm loại "Training" trên ma trận quyền | F20: Kỹ sư nhận được loại đó ngay
A21: TL-011 | B21: 5 | C21: Cấu hình | D21: Luồng chính | E21: Thêm ngày lễ vào SLA kỹ thuật | F21: Ticket mới bỏ qua ngày lễ khi tính hạn
A22: BƯỚC 6: BÁO CÁO TEAM
A23: TL-012 | B23: 6 | C23: Báo cáo | D23: Luồng chính | E23: Báo cáo theo kỹ sư, quá SLA; xuất Excel nhật ký hỗ trợ | F23: Số liệu khớp, file mở được
A24: TL-013 | B24: 6 | C24: Báo cáo | D24: Phát sinh | E24: Kỹ sư không có quyền xuất nhật ký hỗ trợ | F24: Bị chặn "Bạn không có quyền xuất nhật ký hỗ trợ."

Sheet 12. Marketing
A1: CHECKLIST NGHIỆM THU – MARKETING
A2: Tài khoản test: Marketing, Sales Staff (người yêu cầu), BOD (duyệt), Finance Team (thanh toán)
A3: Marketing có 3 mảng: tổ chức sự kiện, phục vụ yêu cầu của Sales (quà tặng, công tác, chi phí), và quản lý kho vật phẩm cùng quỹ hỗ trợ của Hãng. Mọi khoản tốn tiền đều phải qua BOD duyệt, sau đó Kế toán mới chi. → Workflow từng bước (ai làm, vào menu nào, kết quả) xem ở sheet "Workflow". Cột "Bước" dưới đây khớp số bước trong Workflow.
A5: Mã TC | B5: Bước | C5: Chức năng | D5: Loại | E5: Tình huống / Thao tác | F5: Kết quả mong đợi | G5: Người test | H5: Ngày test | I5: Kết quả | J5: Kết quả thực tế / Mô tả lỗi (bắt buộc khi Không đạt / Bị chặn) | K5: Mức độ lỗi | L5: Bằng chứng (ảnh, mã chứng từ, tài khoản) | M5: Dev phản hồi | N5: Trạng thái xử lý | O5: Ghi chú
A6: BƯỚC 1: VẬT PHẨM & QUỸ HÃNG
A7: MKT-001 | B7: 1 | C7: Vật phẩm | D7: Luồng chính | E7: Đề xuất vật phẩm mới → BOD duyệt | F7: Tồn kho vật phẩm được khởi tạo
A8: MKT-002 | B8: 1 | C8: Vật phẩm | D8: Phát sinh | E8: BOD từ chối; người không phải BOD / Admin duyệt | F8: Vật phẩm không dùng được; duyệt: bị chặn
A9: MKT-003 | B9: 1 | C9: Vật phẩm | D9: Luồng chính | E9: Import vật phẩm từ file mẫu | F9: Báo số thêm mới / cập nhật
A10: MKT-004 | B10: 1 | C10: Vật phẩm | D10: Phát sinh | E10: Xuất vật phẩm vượt tồn | F10: Báo "Không đủ tồn kho để xuất. Tồn hiện tại: …"
A11: MKT-005 | B11: 1 | C11: Quỹ Hãng | D11: Luồng chính | E11: Tạo / import quỹ, chi từ quỹ, thu công nợ Hãng | F11: Số dư quỹ giảm khi chi; thu tạo giao dịch tất toán
A12: MKT-006 | B12: 1 | C12: Quỹ Hãng | D12: Phát sinh | E12: Thu lại giao dịch đã tất toán | F12: Bị chặn
A13: BƯỚC 2: SỰ KIỆN
A14: MKT-007 | B14: 2 | C14: Sự kiện | D14: Luồng chính | E14: Tạo sự kiện → gửi duyệt → Order Management duyệt cấp 1 → BOD duyệt cấp 2 | F14: Đủ 2 cấp mới Đã duyệt; người tạo nhận thông báo
A15: MKT-008 | B15: 2 | C15: Sự kiện | D15: Phát sinh | E15: Order Management hoặc BOD từ chối kèm lý do | F15: Sự kiện Từ chối, người tạo thấy lý do, sửa và gửi lại được
A16: MKT-009 | B16: 2 | C16: Sự kiện | D16: Phát sinh | E16: Sửa sự kiện đang chờ duyệt / đã duyệt | F16: Bị chặn (chỉ sửa khi Nháp / Từ chối)
A17: MKT-010 | B17: 2 | C17: Sự kiện | D17: Phát sinh | E17: Chưa cấu hình quy trình duyệt marketing, gửi duyệt | F17: Báo rõ, không lỗi trang
A18: MKT-011 | B18: 2 | C18: Sự kiện | D18: Luồng chính | E18: Thêm / bỏ khách, cập nhật tham dự từng khách và hàng loạt | F18: Lưu đúng
A19: MKT-012 | B19: 2 | C19: Sự kiện | D19: Luồng chính | E19: Tạo ticket phối hợp cho team khác | F19: Team đó nhận "Sự kiện … cần … phối hợp"
A20: MKT-013 | B20: 2 | C20: Sự kiện | D20: Phát sinh | E20: Thiếu file Excel danh sách khách khi loại yêu cầu bắt buộc | F20: Bị chặn
A21: MKT-014 | B21: 2 | C21: Sự kiện | D21: Phát sinh | E21: Hoàn thành sự kiện chưa duyệt | F21: Bị chặn
A22: MKT-015 | B22: 2 | C22: Sự kiện | D22: Luồng chính | E22: Tạo dự án từ khách của sự kiện | F22: Dự án ghi nguồn "Dự án phát sinh từ sự kiện"
A23: BƯỚC 3: YÊU CẦU MARKETING (QUÀ, CÔNG TÁC, CHI PHÍ)
A24: MKT-016 | B24: 3 | C24: Yêu cầu quà | D24: Luồng chính | E24: Yêu cầu quà từ cơ hội → BOD duyệt → phân công → chấp nhận → phân bổ quà → bàn giao → Hoàn thành | F24: Mỗi bước đúng trạng thái, tồn vật phẩm giảm
A25: MKT-017 | B25: 3 | C25: Yêu cầu quà | D25: Phát sinh | E25: Hoàn tác phân bổ quà; hoàn tác giao dịch không phải xuất quà | F25: Vật phẩm trả về kho; giao dịch khác: bị chặn
A26: MKT-018 | B26: 3 | C26: Yêu cầu quà | D26: Phát sinh | E26: Phân bổ giao dịch thuộc cơ hội / sự kiện khác | F26: Bị chặn
A27: MKT-019 | B27: 3 | C27: Yêu cầu quà | D27: Luồng chính | E27: Nhân sự nộp kết quả → Marketing duyệt / yêu cầu làm lại | F27: Hoàn thành hoặc quay lại thực hiện kèm lý do
A28: MKT-020 | B28: 3 | C28: Yêu cầu quà | D28: Phát sinh | E28: Người không được gán nộp kết quả / cập nhật trạng thái | F28: Bị chặn
A29: MKT-021 | B29: 3 | C29: Công tác | D29: Luồng chính | E29: Gửi yêu cầu đi công tác → BOD duyệt / từ chối | F29: Chỉ BOD thao tác được
A30: MKT-022 | B30: 3 | C30: Chi phí | D30: Luồng chính | E30: Yêu cầu chi phí → BOD duyệt chi → KT xác nhận đã thanh toán | F30: "Chờ thanh toán" → hoàn tất
A31: MKT-023 | B31: 3 | C31: Chi phí | D31: Phát sinh | E31: Người không phải KT xác nhận thanh toán | F31: Bị chặn
A32: MKT-024 | B32: 3 | C32: Yêu cầu | D32: Phát sinh | E32: Để yêu cầu quá hạn | F32: Tự chuyển "Quá hạn"

Sheet 13. Quản trị hệ thống
A1: CHECKLIST NGHIỆM THU – QUẢN TRỊ HỆ THỐNG
A2: Tài khoản test: Quản trị viên / Admin; 1 tài khoản không có quyền để thử truy cập trái phép
A3: Quản trị hệ thống cấu hình nền cho mọi phòng: tài khoản và vai trò, ai được xem gì, quy trình duyệt nhiều cấp, thông tin công ty, email, sao lưu dữ liệu. → Workflow từng bước (ai làm, vào menu nào, kết quả) xem ở sheet "Workflow". Cột "Bước" dưới đây khớp số bước trong Workflow.
A5: Mã TC | B5: Bước | C5: Chức năng | D5: Loại | E5: Tình huống / Thao tác | F5: Kết quả mong đợi | G5: Người test | H5: Ngày test | I5: Kết quả | J5: Kết quả thực tế / Mô tả lỗi (bắt buộc khi Không đạt / Bị chặn) | K5: Mức độ lỗi | L5: Bằng chứng (ảnh, mã chứng từ, tài khoản) | M5: Dev phản hồi | N5: Trạng thái xử lý | O5: Ghi chú
A6: BƯỚC 1: NHÂN VIÊN & TÀI KHOẢN
A7: SYS-001 | B7: 1 | C7: Nhân viên | D7: Luồng chính | E7: Tạo nhân viên | F7: Đăng nhập được, thấy đúng menu theo vai trò
A8: SYS-002 | B8: 1 | C8: Nhân viên | D8: Luồng chính | E8: Import nhân viên từ Excel | F8: Báo số thêm / cập nhật / lỗi
A9: SYS-003 | B9: 1 | C9: Nhân viên | D9: Phát sinh | E9: Import file sai định dạng hoặc > 10MB | F9: Bị chặn
A10: SYS-004 | B10: 1 | C10: Nhân viên | D10: Luồng chính | E10: Gán vai trò hàng loạt | F10: Vai trò áp đúng cho người được chọn
A11: SYS-005 | B11: 1 | C11: Nhân viên | D11: Phát sinh | E11: Gán hàng loạt không chọn nhân viên / vai trò | F11: Báo bắt buộc
A12: SYS-006 | B12: 1 | C12: Nhân viên | D12: Luồng chính | E12: Khóa tài khoản; mở khóa | F12: Khóa: không đăng nhập được, không xuất hiện khi phân công. Mở: dùng lại bình thường
A13: SYS-007 | B13: 1 | C13: Nhân viên | D13: Phát sinh | E13: Xóa tài khoản Quản trị viên hệ thống | F13: Bị chặn
A14: SYS-008 | B14: 1 | C14: Nhân viên | D14: Phát sinh | E14: Nhân viên nghỉ đang phụ trách đơn / dự án | F14: Dữ liệu cũ vẫn hiện tên, chuyển giao được
A15: BƯỚC 2: PHÂN QUYỀN
A16: SYS-009 | B16: 2 | C16: Phân quyền | D16: Luồng chính | E16: Tạo vai trò, tick quyền trên ma trận | F16: Người có vai trò thấy / mất menu và nút sau khi đăng nhập lại
A17: SYS-010 | B17: 2 | C17: Phân quyền | D17: Luồng chính | E17: Gán quyền trực tiếp cho 1 người, thu hồi | F17: Có hiệu lực đúng
A18: SYS-011 | B18: 2 | C18: Phân quyền | D18: Luồng chính | E18: Kiểm 3 mức xem own / group / all cho báo giá, đơn hàng, PO | F18: Mỗi mức thấy đúng phạm vi
A19: SYS-012 | B19: 2 | C19: Phân quyền | D19: Luồng chính | E19: Tạo nhóm, chỉ định Lead | F19: Lead thấy dữ liệu thành viên nhóm
A20: SYS-013 | B20: 2 | C20: Phân quyền | D20: Phát sinh | E20: Tài khoản không có quyền gõ thẳng URL trang quản trị / trang duyệt | F20: 403, không lộ dữ liệu
A21: BƯỚC 3: QUY TRÌNH DUYỆT
A22: SYS-014 | B22: 3 | C22: Quy trình duyệt | D22: Luồng chính | E22: Mở quy trình P&L & Hợp đồng | F22: Cấp 1 Legal Team, cấp 2 BOD
A23: SYS-015 | B23: 3 | C23: Quy trình duyệt | D23: Luồng chính | E23: Đổi người duyệt / thêm cấp, rồi tạo đơn mới | F23: Đơn mới đi đúng cấu hình mới
A24: SYS-016 | B24: 3 | C24: Quy trình duyệt | D24: Phát sinh | E24: Tắt quy trình | F24: Chuyển duyệt thủ công như mô tả, không lỗi
A25: BƯỚC 4: CÀI ĐẶT
A26: SYS-017 | B26: 4 | C26: Cài đặt | D26: Luồng chính | E26: Cập nhật thông tin công ty | F26: Hiện trên báo giá, PO, phiếu in
A27: SYS-018 | B27: 4 | C27: Cài đặt | D27: Luồng chính | E27: Cấu hình email, gửi thử | F27: Nhận được mail
A28: SYS-019 | B28: 4 | C28: Cài đặt | D28: Phát sinh | E28: Cấu hình email sai rồi gửi thử | F28: Báo lỗi rõ
A29: BƯỚC 5: VẬN HÀNH HỆ THỐNG
A30: SYS-020 | B30: 5 | C30: Dữ liệu | D30: Luồng chính | E30: Sao lưu CSDL, tải file; phục hồi trên môi trường test; lưu trữ dữ liệu cũ | F30: File tải được; phục hồi đúng thời điểm sao lưu
A31: SYS-021 | B31: 5 | C31: Nhật ký | D31: Luồng chính | E31: Mở Nhật ký hoạt động sau các thao tác ở các sheet khác | F31: Ghi đủ ai, lúc nào, thay đổi gì
A32: SYS-022 | B32: 5 | C32: Hướng dẫn | D32: Luồng chính | E32: Upload tài liệu hướng dẫn, người dùng tải về | F32: Tải được

Sheet 14. Liên phòng ban
A1: CHECKLIST NGHIỆM THU – KỊCH BẢN LIÊN PHÒNG BAN (END-TO-END)
A2: Tài khoản test: Mỗi phòng dùng tài khoản của mình, chạy trên cùng 1 đơn hàng thật
A3: Các sheet trước kiểm từng vai trò. Sheet này chạy một đơn hàng từ đầu đến cuối để kiểm chỗ bàn giao giữa các phòng: mỗi lần chuyển tay, người nhận phải thấy việc trong danh sách của mình và nhận thông báo. Hai cổng chặn do Kế toán giữ: UNC đợt trước đặt hàng (trước PO) và hóa đơn + UNC trước xuất (trước xuất kho). → Workflow từng bước (ai làm, vào menu nào, kết quả) xem ở sheet "Workflow". Cột "Bước" dưới đây khớp số bước trong Workflow.
A5: Mã TC | B5: Bước | C5: Chức năng | D5: Loại | E5: Tình huống / Thao tác | F5: Kết quả mong đợi | G5: Người test | H5: Ngày test | I5: Kết quả | J5: Kết quả thực tế / Mô tả lỗi (bắt buộc khi Không đạt / Bị chặn) | K5: Mức độ lỗi | L5: Bằng chứng (ảnh, mã chứng từ, tài khoản) | M5: Dev phản hồi | N5: Trạng thái xử lý | O5: Ghi chú
A6: E2E-001 | B6: 1–10 | C6: Kịch bản A – Đơn chuẩn | D6: Luồng chính | E6: Khách mới (thêm nhanh trên báo giá) → báo giá → SO → P&L duyệt → đặt hàng → PO → nhập kho → HĐ → xuất kho → thu đủ | F6: SO "Hoàn thành", công nợ khách = 0, tồn kho về đúng số trước khi nhập
A7: E2E-002 | B7: 1–3, 6–10 | C7: Kịch bản B – Hàng có sẵn Kho runrate | D7: Luồng chính | E7: Giữ hàng → SO → bỏ qua đặt hàng → xuất kho bằng S/N khác cùng model | F7: Suất giữ đúng, tồn khả dụng đúng
A8: E2E-003 | B8: 2–5 | C8: Kịch bản C – Bị trả về giữa chừng | D8: Phát sinh | E8: Admin trả yêu cầu đặt hàng → Sales sửa P&L → duyệt lại → PO Team hủy 1 sản phẩm → P&L mở lại → hoàn tất | F8: Lịch sử SO ghi đủ mọi lần trả về
A9: E2E-004 | B9: 4–5, 10 | C9: Kịch bản D – Khách chưa trả tiền | D9: Phát sinh | E9: Đơn trên ngưỡng có đợt trước đặt hàng → PO bị khóa → BOD duyệt ngoại lệ → PO đi tiếp; đợt sau giao quá hạn | F9: PO mở sau ngoại lệ; đợt quá hạn hiện trong tuổi nợ
A10: E2E-005 | B10: 5–9 | C10: Kịch bản E – Giao từng phần | D10: Phát sinh | E10: PO về 2 đợt, xuất kho 2 lần, xuất HĐ 2 lần | F10: Số lượng, công nợ, tồn kho khớp sau mỗi đợt
A11: E2E-006 | B11: 1–10 | C11: Kịch bản F – Hủy đơn | D11: Phát sinh | E11: Hủy SO trước khi hàng về; thử hủy SO sau khi đã thu tiền | F11: Trước hàng về: PO, phiếu xuất liên quan xử lý đúng. Đã thu tiền: bị chặn
A12: E2E-007 | B12: 9 | C12: Kịch bản G – Sau bán | D12: Luồng chính | E12: Khách báo lỗi → Kỹ thuật tra S/N → mở ticket hậu mãi → đóng | F12: Tra thấy đúng đơn, còn bảo hành; ticket đóng được
A13: E2E-008 | B13: 1–10 | C13: Kiểm tra cuối kịch bản | D13: Luồng chính | E13: Sau mỗi kịch bản đối chiếu: Tồn kho, Công nợ khách hàng, Theo dõi hàng về, Báo cáo bán hàng và Dashboard | F13: Các màn hình khớp nhau và khớp chứng từ đã làm; dashboard cập nhật đúng doanh thu, margin
